%time,field.linear.x,field.linear.y,field.linear.z,field.angular.x,field.angular.y,field.angular.z
1771787204137514829,1.2,0.0,0.0,0.0,0.0,-8.961886298930466e-05
1771787204154304027,1.2,0.0,0.0,0.0,0.0,-8.253120382306633e-05
1771787204170891046,1.2,0.0,0.0,0.0,0.0,-7.52532714676235e-05
1771787204187566757,1.2,0.0,0.0,0.0,0.0,-6.242502326525567e-05
1771787204204355001,1.2,0.0,0.0,0.0,0.0,-5.663665496458137e-05
1771787204220820903,1.2,0.0,0.0,0.0,0.0,-5.2295857830841896e-05
1771787204237676620,1.2,0.0,0.0,0.0,0.0,-4.798618124057796e-05
1771787204254491567,1.2,0.0,0.0,0.0,0.0,-4.3681766066949734e-05
1771787204270884275,1.2,0.0,0.0,0.0,0.0,-3.980763469124682e-05
1771787204287616252,1.2,0.0,0.0,0.0,0.0,-3.625751309455083e-05
1771787204304104804,1.2,0.0,0.0,0.0,0.0,-3.342937702921489e-05
1771787204320901155,1.2,0.0,0.0,0.0,0.0,-3.133784843090126e-05
1771787204337600946,1.2,0.0,0.0,0.0,0.0,-2.8204658179653563e-05
1771787204354183673,1.2,0.0,0.0,0.0,0.0,-2.6143041266468714e-05
1771787204370851039,1.2,0.0,0.0,0.0,0.0,-2.2994620822114342e-05
1771787204387707710,1.2,0.0,0.0,0.0,0.0,-2.169540622620758e-05
1771787204404320955,1.2,0.0,0.0,0.0,0.0,-1.9262001139441765e-05
1771787204421157121,1.2,0.0,0.0,0.0,0.0,-1.869751081828852e-05
1771787204437680244,1.2,0.0,0.0,0.0,0.0,-1.6280080243902262e-05
1771787204454231262,1.2,0.0,0.0,0.0,0.0,-1.5753065594648064e-05
1771787204471266508,1.2,0.0,0.0,0.0,0.0,-1.4035893061148386e-05
1771787204487871408,1.2,0.0,0.0,0.0,0.0,-1.3565943996152185e-05
1771787204504298686,1.2,0.0,0.0,0.0,0.0,-1.1850473887520252e-05
1771787204521049022,1.2,0.0,0.0,0.0,0.0,-1.08404465324341e-05
1771787204537524461,1.2,0.0,0.0,0.0,0.0,-1.0427656857991963e-05
1771787204554376125,1.2,0.0,0.0,0.0,0.0,-9.4200083973206e-06
1771787204571116685,1.2,0.0,0.0,0.0,0.0,-7.686486767077838e-06
1771787204587818861,1.2,0.0,0.0,0.0,0.0,-8.053221321802084e-06
1771787204604468107,1.2,0.0,0.0,0.0,0.0,-7.038213966303886e-06
1771787204620856285,1.1768291192075662,0.0,0.0,0.0,0.0,-6.4315326890884705e-06
1771787204637534856,1.1542338525419356,0.0,0.0,0.0,0.0,-5.476743569321485e-06
1771787204654178619,1.132072644613505,0.0,0.0,0.0,0.0,-6.05321020374916e-06
1771787204670920610,1.110336905418578,0.0,0.0,0.0,0.0,-4.3121951862623575e-06
1771787204687496662,1.0890183464598406,0.0,0.0,0.0,0.0,-4.642841409996379e-06
1771787204704495429,1.0681092321049475,0.0,0.0,0.0,0.0,-3.6473035804895915e-06
1771787204720786571,1.0476015599328687,0.0,0.0,0.0,0.0,-3.66952011043864e-06
1771787204737642049,1.0274875981687832,0.0,0.0,0.0,0.0,-3.510049441768359e-06
1771787204754095315,1.0077596227529102,0.0,0.0,0.0,0.0,-2.30495977238121e-06
1771787204770907640,0.9884107717118609,0.0,0.0,0.0,0.0,-3.764126081495789e-06
1771787204787683010,0.9694333094132499,0.0,0.0,0.0,0.0,-1.9049475397103777e-06
1771787204804266214,0.9508200916649586,0.0,0.0,0.0,0.0,-2.222417178288083e-06
1771787204820997714,0.9325645348548277,0.0,0.0,0.0,0.0,-2.818680347793645e-06
1771787204837693214,0.9146591971418206,0.0,0.0,0.0,0.0,-1.775800667846994e-06
1771787204854392528,0.8970977848476132,0.0,0.0,0.0,0.0,-1.0369480900607186e-06
1771787204870876789,0.8798734359988245,0.0,0.0,0.0,0.0,-2.4452215785508713e-06
1771787204887604475,0.8629798492020453,0.0,0.0,0.0,0.0,-2.739631490999983e-06
1771787204904355287,0.8464107307789229,0.0,0.0,0.0,0.0,-1.7394773235146488e-06
1771787204921103715,0.8301595009748494,0.0,0.0,0.0,0.0,-1.4821677285503654e-06
1771787204937629938,0.8142204382640721,0.0,0.0,0.0,0.0,-1.8229275782211118e-06
1771787204955431699,0.7985875311869809,0.0,0.0,0.0,0.0,-1.2564517186675062e-06
1771787204970882415,0.7832544860652635,0.0,0.0,0.0,0.0,3.3608105498572627e-07
1771787204987745761,0.75288311226154,0.0,0.0,0.0,0.0,-3.3636358365285446e-07
1771787205004501342,0.7384279112080282,0.0,0.0,0.0,0.0,-8.662297426020871e-07
1771787205020893335,0.7242499682255921,0.0,0.0,0.0,0.0,-1.2596924476859783e-06
1771787205037593126,0.7103444161597798,0.0,0.0,0.0,0.0,3.5432860512329967e-07
1771787205054164171,0.6967058272762316,0.0,0.0,0.0,0.0,-1.464375972481946e-06
1771787205070785045,0.6833290406291004,0.0,0.0,0.0,0.0,6.766883053899164e-09
1771787205087688446,0.6702092006366116,0.0,0.0,0.0,0.0,-7.46182241329052e-07
1771787205104251861,0.6573411540680459,0.0,0.0,0.0,0.0,-1.8781134820677892e-06
1771787205120953321,0.6447203198451994,0.0,0.0,0.0,0.0,-6.072250968713888e-07
1771787205137296676,0.6323415485949309,0.0,0.0,0.0,0.0,1.077531067039672e-06
1771787205154105424,0.6202005530304585,0.0,0.0,0.0,0.0,-8.555389729991703e-08
1771787205170809507,0.6082927520736341,0.0,0.0,0.0,0.0,-5.801848694808598e-07
1771787205187551498,0.5966135685038633,0.0,0.0,0.0,0.0,-1.0293007086659145e-06
1771787205204193592,0.5851587073192411,0.0,0.0,0.0,0.0,-5.62161506678649e-07
1771787205220832109,0.5739235912991915,0.0,0.0,0.0,0.0,9.883890625950187e-07
1771787205237436771,0.562904219233225,0.0,0.0,0.0,0.0,6.049470790969735e-08
1771787205254278421,0.5520962961194926,0.0,0.0,0.0,0.0,-1.0130440246669536e-06
1771787205270936727,0.5414960991086614,0.0,0.0,0.0,0.0,3.7447339495955134e-07
1771787205287528753,0.5310993409140012,0.0,0.0,0.0,0.0,4.832157194378794e-07
1771787205304120779,0.5209023025437756,0.0,0.0,0.0,0.0,-1.3411512127525782e-06
1771787205320874214,0.5109009712148016,0.0,0.0,0.0,0.0,8.728171718708211e-07
1771787205337585926,0.5010916356504868,0.0,0.0,0.0,0.0,-8.695838715766513e-08
1771787205354237079,0.49147085907783383,0.0,0.0,0.0,0.0,-1.4820560072514866e-06
1771787205370890378,0.4820346325712038,0.0,0.0,0.0,0.0,-4.4829573253579724e-07
1771787205387488365,0.47259840606458875,0.0,0.0,0.0,0.0,6.26746087029062e-07
1771787205404260158,0.45426931221829026,0.0,0.0,0.0,0.0,1.4219674517867986e-06
1771787205420650959,0.44554726328283845,0.0,0.0,0.0,0.0,1.278311661856435e-06
1771787205437479019,0.43699288591246144,0.0,0.0,0.0,0.0,7.429630843880375e-07
1771787205454137325,0.4286024611154318,0.0,0.0,0.0,0.0,-9.089303096843082e-07
1771787205470645427,0.42037341034758297,0.0,0.0,0.0,0.0,-1.546730969970156e-07
1771787205487473726,0.41230230455105304,0.0,0.0,0.0,0.0,-1.6878022033317563e-06
1771787205504256248,0.40438599302908457,0.0,0.0,0.0,0.0,-2.0285174273659834e-06
1771787205520819664,0.3966219010950824,0.0,0.0,0.0,0.0,-1.63023458332745e-06
1771787205537530183,0.389006595833611,0.0,0.0,0.0,0.0,-1.1631612060192253e-06
1771787205554028987,0.3815377886343743,0.0,0.0,0.0,0.0,-3.937798260800207e-07
1771787205570732831,0.37421233265822035,0.0,0.0,0.0,0.0,-1.4577637057477943e-06
1771787205587535619,0.3670273632846487,0.0,0.0,0.0,0.0,3.4043757413115827e-07
1771787205604207515,0.3599803096847022,0.0,0.0,0.0,0.0,-1.7673371432991303e-07
1771787205620687007,0.3530688793904834,0.0,0.0,0.0,0.0,1.1897628149348805e-06
1771787205637558460,0.34628992942041525,0.0,0.0,0.0,0.0,-1.140785627296026e-06
1771787205653972387,0.3396411634490303,0.0,0.0,0.0,0.0,2.1752302719058036e-06
1771787205670885086,0.3331200145048837,0.0,0.0,0.0,0.0,5.414369486089754e-07
1771787205687911272,0.32672419012014997,0.0,0.0,0.0,0.0,-2.3651252289980107e-06
1771787205704222679,0.3204511117505921,0.0,0.0,0.0,0.0,2.767909075274133e-07
1771787205720911979,0.3142982085672578,0.0,0.0,0.0,0.0,4.4176582392196906e-07
1771787205737570047,0.30826376411242234,0.0,0.0,0.0,0.0,-1.7111352894616516e-06
1771787205754326581,0.30234519984187597,0.0,0.0,0.0,0.0,-1.3300564929430436e-06
1771787205771013975,0.2965402271453405,0.0,0.0,0.0,0.0,1.1118760618877843e-06
1771787205787516355,0.28504158857358863,0.0,0.0,0.0,0.0,1.7481846183997618e-06
1771787205804124355,0.27956881216806867,0.0,0.0,0.0,0.0,2.2851419463343348e-06
1771787205820646047,0.27420104504793624,0.0,0.0,0.0,0.0,2.5220306163475925e-06
1771787205837472200,0.2689362846791696,0.0,0.0,0.0,0.0,1.1229241936305812e-06
1771787205854076147,0.2637728146040603,0.0,0.0,0.0,0.0,-1.0624845443452102e-06
1771787205870762586,0.2587083423547378,0.0,0.0,0.0,0.0,1.082166379173799e-06
1771787205887401580,0.25374115533103464,0.0,0.0,0.0,0.0,5.01791277862651e-07
1771787205904201030,0.2488692471414175,0.0,0.0,0.0,0.0,3.279892718754951e-06
1771787205920729637,0.24409090518562374,0.0,0.0,0.0,0.0,2.0134034905971987e-06
1771787205937519550,0.23940440914846486,0.0,0.0,0.0,0.0,2.3359733947181383e-06
1771787205954014539,0.23480804642969502,0.0,0.0,0.0,0.0,-2.086558300806729e-06
1771787205970986843,0.2302995207039682,0.0,0.0,0.0,0.0,1.8109942612198893e-06
1771787205987435340,0.22587798145747362,0.0,0.0,0.0,0.0,-9.831559379946953e-07
1771787206004212379,0.2215408501461482,0.0,0.0,0.0,0.0,-4.058947454144146e-06
1771787206020864725,0.21728726468344528,0.0,0.0,0.0,0.0,8.654953194131565e-07
1771787206037588596,0.21311551246934737,0.0,0.0,0.0,0.0,4.085265747022504e-06
1771787206054337263,0.2090235948272495,0.0,0.0,0.0,0.0,-3.4495044474169845e-06
1771787206070859432,0.20501035973699921,0.0,0.0,0.0,0.0,-3.892842002084507e-06
1771787206087601900,0.20107409074075694,0.0,0.0,0.0,0.0,2.5915773527174224e-07
1771787206104109764,0.19721364739104405,0.0,0.0,0.0,0.0,8.619424081146576e-07
1771787206120924472,0.19342702715382457,0.0,0.0,0.0,0.0,-3.135341984705775e-06
1771787206137541532,0.18971336794262844,0.0,0.0,0.0,0.0,-3.3218985162619674e-06
1771787206154177188,0.18607066722343213,0.0,0.0,0.0,0.0,3.751867496681882e-07
1771787206170817136,0.18249835670131712,0.0,0.0,0.0,0.0,-2.9473157794335236e-06
1771787206187599658,0.17542182952858046,0.0,0.0,0.0,0.0,1.8382528019778022e-06
1771787206203911542,0.17205352611763847,0.0,0.0,0.0,0.0,4.472203977812228e-06
1771787206220754146,0.16875017745420706,0.0,0.0,0.0,0.0,-3.0579884531256596e-06
1771787206237407445,0.16551005936546684,0.0,0.0,0.0,0.0,7.378799184998286e-07
1771787206254171133,0.16233231748016475,0.0,0.0,0.0,0.0,3.3015811964354214e-06
1771787206270748853,0.15921552141682843,0.0,0.0,0.0,0.0,3.872336330257298e-06
1771787206287608623,0.1561585268702753,0.0,0.0,0.0,0.0,3.209805817139255e-06
1771787206304099559,0.15316047561165966,0.0,0.0,0.0,0.0,-6.857731049692006e-07
1771787206320765495,0.15021964732577242,0.0,0.0,0.0,0.0,3.970899510541415e-06
1771787206337519168,0.14733547371750721,0.0,0.0,0.0,0.0,4.964307307897542e-06
1771787206354160070,0.14450681048166208,0.0,0.0,0.0,0.0,7.180352499247533e-07
1771787206370911121,0.1417322233794118,0.0,0.0,0.0,0.0,3.6898413924291162e-06
1771787206387491703,0.139010858039272,0.0,0.0,0.0,0.0,-1.1938643407205518e-08
1771787206404348373,0.1363418523749817,0.0,0.0,0.0,0.0,2.769966649385225e-06
1771787206420820713,0.13372406593879077,0.0,0.0,0.0,0.0,-1.865604312367708e-06
1771787206437428236,0.13115663664440153,0.0,0.0,0.0,0.0,-1.7997708456896078e-06
1771787206454172134,0.12863842018665642,0.0,0.0,0.0,0.0,3.244486424858195e-06
1771787206470962285,0.12616856219413933,0.0,0.0,0.0,0.0,-2.783132499128982e-06
1771787206487414121,0.12374620058055316,0.0,0.0,0.0,0.0,-4.998364726116478e-06
1771787206504243373,0.1213701910406793,0.0,0.0,0.0,0.0,-3.975988982052314e-06
1771787206521094322,0.11903996142195084,0.0,0.0,0.0,0.0,-6.694490868319747e-07
1771787206537538528,0.11675436741926534,0.0,0.0,0.0,0.0,3.5468043302344654e-06
1771787206554189205,0.11451255466126978,0.0,0.0,0.0,0.0,-6.830400032242778e-06
1771787206570971727,0.1123139432802125,0.0,0.0,0.0,0.0,-3.219827737765968e-07
1771787206587416648,0.10800113231088672,0.0,0.0,0.0,0.0,-4.281719970578024e-06
1771787206604237318,0.10592755941294758,0.0,0.0,0.0,0.0,8.791515448969278e-07
1771787206620821952,0.10389375883415435,0.0,0.0,0.0,0.0,3.4239487898268806e-06
1771787206637480497,0.10189887234559268,0.0,0.0,0.0,0.0,2.554488885753159e-06
1771787206654170513,0.09994261387097916,0.0,0.0,0.0,0.0,-6.917408392759228e-07
1771787206670796632,0.09802355302898412,0.0,0.0,0.0,0.0,-8.391976293875558e-06
1771787206687375545,0.09614139988550936,0.0,0.0,0.0,0.0,-2.4760722912020583e-06
1771787206704024791,0.09429558614576551,0.0,0.0,0.0,0.0,-1.5866466527292289e-06
1771787206720897436,0.09248525358089955,0.0,0.0,0.0,0.0,-7.490961615008729e-06
1771787206737495899,0.09070954010424592,0.0,0.0,0.0,0.0,-9.586091680446884e-07
1771787206754022836,0.08896787742104259,0.0,0.0,0.0,0.0,-2.5382641295479402e-06
1771787206770839452,0.08725968952106816,0.0,0.0,0.0,0.0,7.184375158786338e-06
1771787206787596702,0.08558412203300474,0.0,0.0,0.0,0.0,7.2925482839103495e-06
1771787206804410219,0.0839408888805175,0.0,0.0,0.0,0.0,-2.308107208026655e-06
1771787206820902109,0.08232941405356534,0.0,0.0,0.0,0.0,-4.7170528816309343e-07
1771787206837582588,0.08074855324705889,0.0,0.0,0.0,0.0,1.010735706330479e-05
1771787206854194402,0.07919831031833881,0.0,0.0,0.0,0.0,7.595008709948559e-06
1771787206870998382,0.0776775409623648,0.0,0.0,0.0,0.0,-7.75180309675605e-06
1771787206887711524,0.07618623746411163,0.0,0.0,0.0,0.0,9.047270885798042e-06
1771787206904396533,0.07472355316729197,0.0,0.0,0.0,0.0,-1.2889719305242409e-05
1771787206920940637,0.07328890434649918,0.0,0.0,0.0,0.0,-2.5661272800014956e-06
1771787206937666893,0.07188172656467472,0.0,0.0,0.0,0.0,-1.0167032197472281e-05
1771787206954481124,0.07050144381138526,0.0,0.0,0.0,0.0,-1.0120617480069427e-05
1771787206970909833,0.06912144713437914,0.0,0.0,0.0,0.0,-1.0509832004679254e-05
1771787206988256454,0.06776777333328074,0.0,0.0,0.0,0.0,-4.845566673239432e-06
1771787207005482196,0.06513939821689133,0.0,0.0,0.0,0.0,-2.3622290390434841e-07
1771787207020832300,0.0638887311672566,0.0,0.0,0.0,0.0,1.280466472852737e-06
1771787207037497997,0.06266209838335589,0.0,0.0,0.0,0.0,6.492908597444114e-06
1771787207054217576,0.06145892771270218,0.0,0.0,0.0,0.0,1.4147923683260899e-05
1771787207070865392,0.060278936936325314,0.0,0.0,0.0,0.0,-4.434287322663266e-06
1771787207087939262,0.0,0.0,0.0,0.0,0.0,0.0
1771787207115479946,0.0,0.0,0.0,0.0,0.0,-2.0
1771787207132281303,0.0,0.0,0.0,0.0,0.0,-2.0
1771787207148883104,0.0,0.0,0.0,0.0,0.0,-2.0
1771787207165529489,0.0,0.0,0.0,0.0,0.0,-2.0
1771787207182255268,0.0,0.0,0.0,0.0,0.0,-2.0
1771787207198935270,0.0,0.0,0.0,0.0,0.0,-2.0
1771787207215626239,0.0,0.0,0.0,0.0,0.0,-2.0
1771787207232459783,0.0,0.0,0.0,0.0,0.0,-2.0
1771787207249006032,0.0,0.0,0.0,0.0,0.0,-2.0
1771787207265627145,0.0,0.0,0.0,0.0,0.0,-2.0
1771787207282197237,0.0,0.0,0.0,0.0,0.0,-2.0
1771787207298851728,0.0,0.0,0.0,0.0,0.0,-2.0
1771787207315676927,0.0,0.0,0.0,0.0,0.0,-2.0
1771787207333008527,0.0,0.0,0.0,0.0,0.0,-2.0
1771787207349079132,0.0,0.0,0.0,0.0,0.0,-2.0
1771787207365854501,0.0,0.0,0.0,0.0,0.0,-2.0
1771787207382410049,0.0,0.0,0.0,0.0,0.0,-2.0
1771787207399341106,0.0,0.0,0.0,0.0,0.0,-2.0
1771787207415943861,0.0,0.0,0.0,0.0,0.0,-2.0
1771787207432565927,0.0,0.0,0.0,0.0,0.0,-2.0
1771787207449184656,0.0,0.0,0.0,0.0,0.0,-2.0
1771787207465795040,0.0,0.0,0.0,0.0,0.0,-2.0
1771787207482396602,0.0,0.0,0.0,0.0,0.0,-2.0
1771787207499192237,0.0,0.0,0.0,0.0,0.0,-2.0
1771787207515726566,0.0,0.0,0.0,0.0,0.0,-2.0
1771787207532447338,0.0,0.0,0.0,0.0,0.0,-2.0
1771787207549103260,0.0,0.0,0.0,0.0,0.0,-2.0
1771787207565814018,0.0,0.0,0.0,0.0,0.0,-2.0
1771787207582498073,0.0,0.0,0.0,0.0,0.0,-2.0
1771787207598932027,0.0,0.0,0.0,0.0,0.0,-2.0
1771787207615660905,0.0,0.0,0.0,0.0,0.0,-2.0
1771787207632552146,0.0,0.0,0.0,0.0,0.0,-2.0
1771787207649046421,0.0,0.0,0.0,0.0,0.0,-2.0
1771787207665646791,0.0,0.0,0.0,0.0,0.0,-2.0
1771787207682455778,0.0,0.0,0.0,0.0,0.0,-2.0
1771787207699008464,0.0,0.0,0.0,0.0,0.0,-2.0
1771787207715636253,0.0,0.0,0.0,0.0,0.0,-2.0
1771787207732304096,0.0,0.0,0.0,0.0,0.0,-2.0
1771787207749056816,0.0,0.0,0.0,0.0,0.0,-2.0
1771787207765819072,0.0,0.0,0.0,0.0,0.0,-2.0
1771787207782461881,0.0,0.0,0.0,0.0,0.0,-2.0
1771787207798962831,0.0,0.0,0.0,0.0,0.0,-2.0
1771787207815762281,0.0,0.0,0.0,0.0,0.0,-2.0
1771787207832569837,0.0,0.0,0.0,0.0,0.0,-2.0
1771787207849197387,0.0,0.0,0.0,0.0,0.0,-2.0
1771787207865793943,0.0,0.0,0.0,0.0,0.0,-2.0
1771787207882387161,0.0,0.0,0.0,0.0,0.0,-2.0
1771787207899368524,0.0,0.0,0.0,0.0,0.0,-2.0
1771787207916211128,0.0,0.0,0.0,0.0,0.0,-2.0
1771787207932571172,0.0,0.0,0.0,0.0,0.0,-2.0
1771787207949015378,0.0,0.0,0.0,0.0,0.0,-2.0
1771787207965639829,0.0,0.0,0.0,0.0,0.0,-2.0
1771787207982759714,0.0,0.0,0.0,0.0,0.0,-2.0
1771787207999036788,0.0,0.0,0.0,0.0,0.0,-2.0
1771787208015754461,0.0,0.0,0.0,0.0,0.0,-2.0
1771787208032260894,0.0,0.0,0.0,0.0,0.0,-2.0
1771787208048874378,0.0,0.0,0.0,0.0,0.0,-2.0
1771787208065730333,0.0,0.0,0.0,0.0,0.0,-2.0
1771787208082355737,0.0,0.0,0.0,0.0,0.0,-2.0
1771787208099046230,0.0,0.0,0.0,0.0,0.0,-2.0
1771787208115552663,0.0,0.0,0.0,0.0,0.0,-2.0
1771787208132414817,0.0,0.0,0.0,0.0,0.0,-2.0
1771787208149210453,0.0,0.0,0.0,0.0,0.0,-2.0
1771787208165891885,0.0,0.0,0.0,0.0,0.0,-2.0
1771787208182294368,0.0,0.0,0.0,0.0,0.0,-2.0
1771787208199180603,0.0,0.0,0.0,0.0,0.0,-2.0
1771787208215781450,0.0,0.0,0.0,0.0,0.0,-2.0
1771787208232434511,0.0,0.0,0.0,0.0,0.0,-2.0
1771787208248986721,0.0,0.0,0.0,0.0,0.0,-2.0
1771787208266149282,0.0,0.0,0.0,0.0,0.0,-2.0
1771787208282796621,0.0,0.0,0.0,0.0,0.0,-2.0
1771787208299010515,0.0,0.0,0.0,0.0,0.0,-2.0
1771787208315876960,0.0,0.0,0.0,0.0,0.0,-2.0
1771787208332601070,0.0,0.0,0.0,0.0,0.0,-2.0
1771787208348850488,0.0,0.0,0.0,0.0,0.0,-2.0
1771787208365783691,0.0,0.0,0.0,0.0,0.0,-2.0
1771787208382485866,0.0,0.0,0.0,0.0,0.0,-2.0
1771787208398978471,0.0,0.0,0.0,0.0,0.0,-2.0
1771787208415658235,0.0,0.0,0.0,0.0,0.0,-2.0
1771787208432291746,0.0,0.0,0.0,0.0,0.0,-2.0
1771787208448927640,0.0,0.0,0.0,0.0,0.0,-2.0
1771787208465793848,0.0,0.0,0.0,0.0,0.0,-2.0
1771787208482458829,0.0,0.0,0.0,0.0,0.0,-2.0
1771787208499007225,0.0,0.0,0.0,0.0,0.0,-2.0
1771787208513358354,0.0,0.0,0.0,0.0,0.0,-2.0
1771787208530602693,0.0,0.0,0.0,0.0,0.0,-1.871528946022344
1771787208547367334,0.0,0.0,0.0,0.0,0.0,-1.691862426857305
1771787208564043283,0.0,0.0,0.0,0.0,0.0,-1.5294435845416312
1771787208580935955,1.2,0.0,0.0,0.0,0.0,-1.3826173172991996
1771787208597609281,1.2,0.0,0.0,0.0,0.0,-1.2566311877388316
1771787208613860130,1.2,0.0,0.0,0.0,0.0,-1.1421662045076735
1771787208630476951,1.2,0.0,0.0,0.0,0.0,-1.0381638085878477
1771787208647263050,1.2,0.0,0.0,0.0,0.0,-0.9436641081668764
1771787208664051055,1.2,0.0,0.0,0.0,0.0,-0.8577948853421775
1771787208680857896,1.2,0.0,0.0,0.0,0.0,-0.7797663190864133
1771787208697372198,1.2,0.0,0.0,0.0,0.0,-0.6300013376255222
1771787208714136838,1.2,0.0,0.0,0.0,0.0,-0.572751811697831
1771787208730798244,1.2,0.0,0.0,0.0,0.0,-0.5207216939924431
1771787208747465133,1.2,0.0,0.0,0.0,0.0,-0.4734343217501058
1771787208763791084,1.2,0.0,0.0,0.0,0.0,-0.43045597643183964
1771787208780607461,1.2,0.0,0.0,0.0,0.0,-0.39139231571931976
1771787208797462940,1.2,0.0,0.0,0.0,0.0,-0.3558856969594588
1771787208814247608,1.2,0.0,0.0,0.0,0.0,-0.3236119090863401
1771787208830663681,1.2,0.0,0.0,0.0,0.0,-0.29427525292794865
1771787208847188472,1.2,0.0,0.0,0.0,0.0,-0.26760715775563737
1771787208863959550,1.2,0.0,0.0,0.0,0.0,-0.24336452781969875
1771787208880750417,1.2,0.0,0.0,0.0,0.0,-0.22132592405267282
1771787208897265434,1.2,0.0,0.0,0.0,0.0,-0.20129119742870527
1771787208914033889,1.2,0.0,0.0,0.0,0.0,-0.18307625171788633
1771787208930848360,1.2,0.0,0.0,0.0,0.0,-0.16651566603508083
1771787208947270393,1.2,0.0,0.0,0.0,0.0,-0.15145853599924708
1771787208964336633,1.2,0.0,0.0,0.0,0.0,-0.13776899178734192
1771787208980828523,1.2,0.0,0.0,0.0,0.0,-0.12532115080629858
1771787208997510671,1.2,0.0,0.0,0.0,0.0,-0.11400287664838826
1771787209014307737,1.2,0.0,0.0,0.0,0.0,-0.10370985903397179
1771787209031099796,1.2,0.0,0.0,0.0,0.0,-0.0943512504553925
1771787209047616004,1.2,0.0,0.0,0.0,0.0,-0.08583969656916901
1771787209064088344,1.2,0.0,0.0,0.0,0.0,-0.07809964133653713
1771787209080965995,1.2,0.0,0.0,0.0,0.0,-0.07105991098441766
1771787209098215818,1.2,0.0,0.0,0.0,0.0,-0.06397797177565101
1771787209113898992,1.2,0.0,0.0,0.0,0.0,-0.051730716616871675
1771787209130500316,1.2,0.0,0.0,0.0,0.0,-0.04707553852641411
1771787209147143363,1.2,0.0,0.0,0.0,0.0,-0.04284205243677075
1771787209163968324,1.2,0.0,0.0,0.0,0.0,-0.03899100686936352
1771787209180894613,1.2,0.0,0.0,0.0,0.0,-0.035487723737547494
1771787209197532415,1.2,0.0,0.0,0.0,0.0,-0.03230068404275821
1771787209214016437,1.2,0.0,0.0,0.0,0.0,-0.02940051086979123
1771787209230882883,1.2,0.0,0.0,0.0,0.0,-0.02676268713138885
1771787209247494697,1.2,0.0,0.0,0.0,0.0,-0.024362677833390745
1771787209264114141,1.2,0.0,0.0,0.0,0.0,-0.022178836608814034
1771787209280707120,1.2,0.0,0.0,0.0,0.0,-0.020191453856265085
1771787209297517061,1.2,0.0,0.0,0.0,0.0,-0.018383493769169146
1771787209314033746,1.2,0.0,0.0,0.0,0.0,-0.016738632727322678
1771787209330917835,1.2,0.0,0.0,0.0,0.0,-0.015240989830228369
1771787209347757577,1.2,0.0,0.0,0.0,0.0,-0.013878820611609388
1771787209364292383,1.2,0.0,0.0,0.0,0.0,-0.012638449588425082
1771787209380892276,1.2,0.0,0.0,0.0,0.0,-0.011510065053037088
1771787209397787094,1.2,0.0,0.0,0.0,0.0,-0.010482611677039344
1771787209414332628,1.2,0.0,0.0,0.0,0.0,-0.009547471537625807
1771787209430766344,1.2,0.0,0.0,0.0,0.0,-0.008695758077045479
1771787209447443485,1.2,0.0,0.0,0.0,0.0,-0.007921048966500255
1771787209464108943,1.2,0.0,0.0,0.0,0.0,-0.007215913546479769
1771787209480857133,1.2,0.0,0.0,0.0,0.0,-0.006505572053240094
1771787209497756719,1.2,0.0,0.0,0.0,0.0,-0.0058577183321877335
1771787209513976812,1.2,0.0,0.0,0.0,0.0,-0.004749831608477084
1771787209530626058,1.2,0.0,0.0,0.0,0.0,-0.0043284130616183525
1771787209547346115,1.2,0.0,0.0,0.0,0.0,-0.003944597563794172
1771787209564213752,1.2,0.0,0.0,0.0,0.0,-0.003594438642080089
1771787209580814599,1.2,0.0,0.0,0.0,0.0,-0.003276347137554314
1771787209597492694,1.2,0.0,0.0,0.0,0.0,-0.002985959663877935
1771787209614074468,1.2,0.0,0.0,0.0,0.0,-0.0027217084581900863
1771787209630856990,1.2,0.0,0.0,0.0,0.0,-0.0024810745661789646
1771787209647433519,1.2,0.0,0.0,0.0,0.0,-0.002262105496821043
1771787209664066314,1.2,0.0,0.0,0.0,0.0,-0.0020619714135459155
1771787209680807828,1.2,0.0,0.0,0.0,0.0,-0.0018808870592170734
1771787209697465896,1.2,0.0,0.0,0.0,0.0,-0.0017145865995940035
1771787209714053869,1.2,0.0,0.0,0.0,0.0,-0.001563687721663598
1771787209730394840,1.2,0.0,0.0,0.0,0.0,-0.0014260168151847274
1771787209747342824,1.2,0.0,0.0,0.0,0.0,-0.0013008383025758796
1771787209764096736,1.2,0.0,0.0,0.0,0.0,-0.0011862949978374004
1771787209780957460,1.2,0.0,0.0,0.0,0.0,-0.0010823735207736718
1771787209797459602,1.2,0.0,0.0,0.0,0.0,-0.0009876207409393878
1771787209813949346,1.2,0.0,0.0,0.0,0.0,-0.0009005915251814045
1771787209830836772,1.2,0.0,0.0,0.0,0.0,-0.0008215918959630919
1771787209847393035,1.2,0.0,0.0,0.0,0.0,-0.0007498999418231733
1771787209864017248,1.2,0.0,0.0,0.0,0.0,-0.0006840691562324253
1771787209880772590,1.2,0.0,0.0,0.0,0.0,-0.0006244409013853591
1771787209897761583,1.2,0.0,0.0,0.0,0.0,-0.0005645634060686966
1771787209914271831,1.2,0.0,0.0,0.0,0.0,-0.00045974761835143596
1771787209930555105,1.2,0.0,0.0,0.0,0.0,-0.0004194374609087781
1771787209947242021,1.2,0.0,0.0,0.0,0.0,-0.000383490676843401
1771787209964195013,1.2,0.0,0.0,0.0,0.0,-0.00035044419750507316
1771787209980746746,1.2,0.0,0.0,0.0,0.0,-0.0003199456629765507
1771787209997386217,1.2,0.0,0.0,0.0,0.0,-0.0002923730805912683
1771787210014145612,1.2,0.0,0.0,0.0,0.0,-0.00026662137919597484
1771787210030917882,1.2,0.0,0.0,0.0,0.0,-0.0002441107079569349
1771787210047334194,1.2,0.0,0.0,0.0,0.0,-0.00022268449194484674
1771787210063969373,1.2,0.0,0.0,0.0,0.0,-0.000203451344262362
1771787210080811262,1.2,0.0,0.0,0.0,0.0,-0.00018600374489974314
1771787210097838640,1.2,0.0,0.0,0.0,0.0,-0.00017002805934396292
1771787210114264488,1.2,0.0,0.0,0.0,0.0,-0.00015552568227006347
1771787210130548238,1.2,0.0,0.0,0.0,0.0,-0.000142075056646096
1771787210147068977,1.2,0.0,0.0,0.0,0.0,-0.00012966313048190514
1771787210163779497,1.2,0.0,0.0,0.0,0.0,-0.00011914193711470844
1771787210180630445,1.2,0.0,0.0,0.0,0.0,-0.0001089365831874467
1771787210197258234,1.2,0.0,0.0,0.0,0.0,-9.947595841053314e-05
1771787210214210748,1.2,0.0,0.0,0.0,0.0,-9.103940916066477e-05
1771787210230528593,1.2,0.0,0.0,0.0,0.0,-8.261221770533567e-05
1771787210247169256,1.2,0.0,0.0,0.0,0.0,-7.60965776351874e-05
1771787210264079332,1.2,0.0,0.0,0.0,0.0,-6.939940115913146e-05
1771787210280609607,1.2,0.0,0.0,0.0,0.0,-6.390017197377418e-05
1771787210297773122,1.2,0.0,0.0,0.0,0.0,-5.770972233021254e-05
1771787210314698696,1.2,0.0,0.0,0.0,0.0,-4.728623184480085e-05
1771787210330463171,1.2,0.0,0.0,0.0,0.0,-4.352539434204772e-05
1771787210347397804,1.2,0.0,0.0,0.0,0.0,-3.9778888773600585e-05
1771787210363940715,1.2,0.0,0.0,0.0,0.0,-3.676255939533135e-05
1771787210380722761,1.2,0.0,0.0,0.0,0.0,-3.3761771653040284e-05
1771787210397355794,1.2,0.0,0.0,0.0,0.0,-3.0777181701857614e-05
1771787210414291620,1.2,0.0,0.0,0.0,0.0,-2.7993038465901066e-05
1771787210430753707,1.2,0.0,0.0,0.0,0.0,-2.575052152309354e-05
1771787210447684526,1.2,0.0,0.0,0.0,0.0,-2.369411082003836e-05
1771787210464323997,1.2,0.0,0.0,0.0,0.0,-2.2195852505291214e-05
1771787210481216669,1.2,0.0,0.0,0.0,0.0,-2.015330203253285e-05
1771787210498014688,1.2,0.0,0.0,0.0,0.0,-1.811392462958139e-05
1771787210514248132,1.2,0.0,0.0,0.0,0.0,-1.607786890156504e-05
1771787210530969619,1.2,0.0,0.0,0.0,0.0,-1.535127257046298e-05
1771787210547671079,1.2,0.0,0.0,0.0,0.0,-1.404711911057177e-05
1771787210564358711,1.2,0.0,0.0,0.0,0.0,-1.2747104603860748e-05
1771787210581162691,1.2,0.0,0.0,0.0,0.0,-1.2166691536918961e-05
1771787210597467899,1.2,0.0,0.0,0.0,0.0,-1.0875589183889645e-05
1771787210614063024,1.2,0.0,0.0,0.0,0.0,-1.0304544981298847e-05
1771787210630736112,1.2,0.0,0.0,0.0,0.0,-9.023299956556485e-06
1771787210647671222,1.2,0.0,0.0,0.0,0.0,-8.462636102546384e-06
1771787210664516210,1.2,0.0,0.0,0.0,0.0,-7.907587853850373e-06
1771787210680700302,1.2,0.0,0.0,0.0,0.0,-7.358466855844625e-06
1771787210697953939,1.2,0.0,0.0,0.0,0.0,-6.8156082457804246e-06
1771787210714282035,1.1763750390343226,0.0,0.0,0.0,0.0,-5.750150018801747e-06
1771787210731092453,1.153788836534811,0.0,0.0,0.0,0.0,-4.7097973214782485e-06
1771787210747325181,1.131635830671128,0.0,0.0,0.0,0.0,-4.52925471661203e-06
1771787210763976097,1.1099085778901534,0.0,0.0,0.0,0.0,-4.170782420764851e-06
1771787210781137943,1.088598497664594,0.0,0.0,0.0,0.0,-3.5460878686777164e-06
1771787210797317266,1.067697005796743,0.0,0.0,0.0,0.0,-3.927431785122337e-06
1771787210814095497,1.047197234561395,0.0,0.0,0.0,0.0,-3.5864374683391986e-06
1771787210831142425,1.0270911700831171,0.0,0.0,0.0,0.0,-2.8819288782067076e-06
1771787210847779035,1.0073708058273474,0.0,0.0,0.0,0.0,-2.6356442668351576e-06
1771787210864004373,0.9880292703984463,0.0,0.0,0.0,0.0,-2.2768661716021654e-06
1771787210880622625,0.9690591275841314,0.0,0.0,0.0,0.0,-2.517693383108366e-06
1771787210897408485,0.950453509659197,0.0,0.0,0.0,0.0,-2.331615787110053e-06
1771787210914525032,0.9322049749057048,0.0,0.0,0.0,0.0,-1.938725490813198e-06
1771787210931123971,0.914306659268887,0.0,0.0,0.0,0.0,-2.085762057735252e-06
1771787210947188854,0.8967516950235314,0.0,0.0,0.0,0.0,-1.7219805208412708e-06
1771787210964221954,0.87953435875942,0.0,0.0,0.0,0.0,-1.8147234595033979e-06
1771787210980645179,0.8626472105938372,0.0,0.0,0.0,0.0,-1.3020086608861448e-06
1771787210997378587,0.8460839586295209,0.0,0.0,0.0,0.0,-1.735174000483397e-06
1771787211014076471,0.829839449778526,0.0,0.0,0.0,0.0,-1.579614487212666e-06
1771787211030632734,0.8139062459933655,0.0,0.0,0.0,0.0,-7.885096229287569e-07
1771787211047688245,0.7982791978565498,0.0,0.0,0.0,0.0,-1.2938116951133338e-06
1771787211063982248,0.7829525801226276,0.0,0.0,0.0,0.0,-7.847299676733144e-07
1771787211080592393,0.7679201008943434,0.0,0.0,0.0,0.0,-9.496482720194876e-07
1771787211097490072,0.7528870495085612,0.0,0.0,0.0,0.0,-1.1796545207332088e-06
1771787211113969802,0.7236879066605184,0.0,0.0,0.0,0.0,-7.765692662253798e-07
1771787211130365610,0.7097930637334803,0.0,0.0,0.0,0.0,-2.0830766311874527e-07
1771787211147072792,0.6961648902464438,0.0,0.0,0.0,0.0,-4.6520893670631835e-07
1771787211163902521,0.6827982349466876,0.0,0.0,0.0,0.0,-1.6192836804762578e-07
1771787211180585145,0.6696885205742236,0.0,0.0,0.0,0.0,2.0856681981484826e-07
1771787211197250127,0.6568305977115566,0.0,0.0,0.0,0.0,4.635455086443585e-08
1771787211213926076,0.6442193151059705,0.0,0.0,0.0,0.0,3.660287806184215e-08
1771787211230606794,0.6318506676549717,0.0,0.0,0.0,0.0,-2.9950632107755837e-07
1771787211247287273,0.6197189319483426,0.0,0.0,0.0,0.0,-3.069796550292381e-07
1771787211264059543,0.607820675041089,0.0,0.0,0.0,0.0,-4.009167637875066e-07
1771787211280628442,0.5961501735229932,0.0,0.0,0.0,0.0,1.1441077951701573e-07
1771787211297365665,0.5847039962842899,0.0,0.0,0.0,0.0,-6.448991580754182e-07
1771787211314124822,0.5734775623945276,0.0,0.0,0.0,0.0,-3.756370081653415e-07
1771787211330596208,0.56246686675122,0.0,0.0,0.0,0.0,4.353243272525731e-07
1771787211347297430,0.5516679060870935,0.0,0.0,0.0,0.0,-2.951128701411676e-07
1771787211363934040,0.5410755273142084,0.0,0.0,0.0,0.0,-2.187028118605383e-07
1771787211380810737,0.5306868696450688,0.0,0.0,0.0,0.0,2.977976358842227e-07
1771787211397311925,0.5204979298124102,0.0,0.0,0.0,0.0,-9.610837405915618e-07
1771787211414131164,0.5105041250505481,0.0,0.0,0.0,0.0,2.530298770508921e-07
1771787211430651664,0.5007025982424537,0.0,0.0,0.0,0.0,2.1885762535589492e-07
1771787211447346687,0.4910893424504018,0.0,0.0,0.0,0.0,-1.8518308220194513e-08
1771787211464337110,0.48166035257190715,0.0,0.0,0.0,0.0,-1.1111046029910199e-06
1771787211480757951,0.4724121919915012,0.0,0.0,0.0,0.0,-3.484217447891069e-08
1771787211497928619,0.4631646054038297,0.0,0.0,0.0,0.0,-6.734874977709637e-07
1771787211513946771,0.445201624958259,0.0,0.0,0.0,0.0,-6.239602674540379e-07
1771787211530552148,0.4366533286184855,0.0,0.0,0.0,0.0,9.055692862247611e-08
1771787211547324895,0.42826984116684325,0.0,0.0,0.0,0.0,3.932042851317874e-07
1771787211564054727,0.42004715750083405,0.0,0.0,0.0,0.0,-4.7503980615815067e-07
1771787211580577611,0.411981842840245,0.0,0.0,0.0,0.0,-1.1415649066037759e-06
1771787211597265005,0.40407217887733543,0.0,0.0,0.0,0.0,9.186920864046044e-07
1771787211614053726,0.3963135901873582,0.0,0.0,0.0,0.0,6.242090910824061e-07
1771787211630585670,0.3887043602978031,0.0,0.0,0.0,0.0,-2.750198642154089e-07
1771787211647392749,0.38124162658595934,0.0,0.0,0.0,0.0,-8.987464958920555e-07
1771787211663975238,0.3739213821140949,0.0,0.0,0.0,0.0,9.561798419710499e-07
1771787211680615425,0.36674248440244955,0.0,0.0,0.0,0.0,6.679082287242011e-07
1771787211697262048,0.35970092834852,0.0,0.0,0.0,0.0,-5.181145446009339e-07
1771787211714050531,0.3527944234870985,0.0,0.0,0.0,0.0,-1.4790721620805414e-06
1771787211730580568,0.34602125151043306,0.0,0.0,0.0,0.0,6.133083867432276e-07
1771787211747401237,0.33937740915128467,0.0,0.0,0.0,0.0,3.14332053719113e-07
1771787211763836145,0.33286117993714603,0.0,0.0,0.0,0.0,-6.852259093470536e-07
1771787211780567646,0.32647027340279633,0.0,0.0,0.0,0.0,-3.798152525824605e-07
1771787211797062397,0.3202024009182379,0.0,0.0,0.0,0.0,-7.14381825694943e-07
1771787211814067602,0.31405412770323826,0.0,0.0,0.0,0.0,9.224910488825344e-07
1771787211830699920,0.30802431127804786,0.0,0.0,0.0,0.0,1.5747149224587531e-06
1771787211847279787,0.3021100908551529,0.0,0.0,0.0,0.0,-2.6164839628251e-07
1771787211863971233,0.29630974812684285,0.0,0.0,0.0,0.0,-8.105019055903995e-07
1771787211881114959,0.29062099446311795,0.0,0.0,0.0,0.0,-1.358422772934631e-06
1771787211897769212,0.284931666806661,0.0,0.0,0.0,0.0,1.644524616484233e-06
1771787211914149999,0.2738809146327366,0.0,0.0,0.0,0.0,1.5060565408120397e-06
1771787211930702924,0.26862249498213897,0.0,0.0,0.0,0.0,-1.0688976317396737e-06
1771787211947328567,0.2634647897331857,0.0,0.0,0.0,0.0,3.6153439575414836e-07
1771787211964002132,0.2584060860838492,0.0,0.0,0.0,0.0,-1.8764217140088135e-06
1771787211980693101,0.25344523604865066,0.0,0.0,0.0,0.0,-8.595986149551038e-07
1771787211997237443,0.24857880668260673,0.0,0.0,0.0,0.0,1.0700634698324052e-06
1771787212014009952,0.2438062276634549,0.0,0.0,0.0,0.0,1.0222644211133058e-06
1771787212030509471,0.23912520852596936,0.0,0.0,0.0,0.0,1.7309338389281947e-06
1771787212047461748,0.23453403463287625,0.0,0.0,0.0,0.0,-1.6974247580847646e-06
1771787212063938140,0.23003098584121584,0.0,0.0,0.0,0.0,-4.313174244430229e-07
1771787212080759763,0.22561434751373405,0.0,0.0,0.0,0.0,-8.113696088329903e-07
1771787212097287416,0.22128240134269098,0.0,0.0,0.0,0.0,1.103684974079755e-06
1771787212113883733,0.21703400484832913,0.0,0.0,0.0,0.0,1.0887872750053873e-06
1771787212130624294,0.21286686756542728,0.0,0.0,0.0,0.0,1.5172658316409127e-06
1771787212147340059,0.20877984701419267,0.0,0.0,0.0,0.0,-6.449603104918822e-07
1771787212163823604,0.20477122305170178,0.0,0.0,0.0,0.0,1.4284936247221935e-06
1771787212180741786,0.20083928287588876,0.0,0.0,0.0,0.0,-1.2155276678527116e-06
1771787212197250604,0.1969834506588104,0.0,0.0,0.0,0.0,-3.662636207657499e-07
1771787212213861703,0.1932014396057032,0.0,0.0,0.0,0.0,-1.169607634743386e-06
1771787212230525732,0.18949210356633092,0.0,0.0,0.0,0.0,3.4066730769666265e-07
1771787212247102022,0.1858537279034326,0.0,0.0,0.0,0.0,-1.0274172552726668e-06
1771787212264004707,0.18228516646677856,0.0,0.0,0.0,0.0,-5.044467097370386e-07
1771787212281189680,0.1787852749413681,0.0,0.0,0.0,0.0,5.69800300276313e-08
1771787212297309875,0.17185301748680187,0.0,0.0,0.0,0.0,1.5271970008612357e-06
1771787212313966989,0.16855341412014618,0.0,0.0,0.0,0.0,1.2566248961398685e-06
1771787212330538511,0.1653167590897401,0.0,0.0,0.0,0.0,-1.2305779995003263e-07
1771787212347135305,0.16214305056037673,0.0,0.0,0.0,0.0,1.8583282099804421e-06
1771787212363943576,0.15903000173725823,0.0,0.0,0.0,0.0,8.952160892583549e-07
1771787212380595922,0.1559764664701868,0.0,0.0,0.0,0.0,1.7499794320308126e-06
1771787212397360086,0.15298187443686892,0.0,0.0,0.0,0.0,-1.3674721142109547e-06
1771787212413984298,0.15004450549437223,0.0,0.0,0.0,0.0,1.8677152451296308e-06
1771787212430646181,0.14716321899813056,0.0,0.0,0.0,0.0,-4.300740044094198e-07
1771787212447328805,0.14433801311295044,0.0,0.0,0.0,0.0,-2.6434938797947893e-06
1771787212463976144,0.14156659737356284,0.0,0.0,0.0,0.0,5.2967331853892574e-08
1771787212480765342,0.13884840145773836,0.0,0.0,0.0,0.0,1.4518890569803489e-06
1771787212497286796,0.13618285320795417,0.0,0.0,0.0,0.0,1.1505132420097652e-06
1771787212513956546,0.1335682361517244,0.0,0.0,0.0,0.0,-1.9418885512934025e-06
1771787212530651330,0.13100340413881706,0.0,0.0,0.0,0.0,-2.110070727479041e-06
1771787212547636270,0.12848835716922755,0.0,0.0,0.0,0.0,8.212784372574333e-07
1771787212563980579,0.12602138060569734,0.0,0.0,0.0,0.0,-8.244118441247394e-07
1771787212580689668,0.12360190045549595,0.0,0.0,0.0,0.0,-7.321107986513198e-07
1771787212597396850,0.12122820024612545,0.0,0.0,0.0,0.0,1.1217091389070788e-07
1771787212613983392,0.11890085213509399,0.0,0.0,0.0,0.0,2.122924672054438e-06
1771787212630794763,0.11661814148512074,0.0,0.0,0.0,0.0,-3.1247698175640437e-06
1771787212647289514,0.11437892031073926,0.0,0.0,0.0,0.0,-1.8227763072253822e-06
1771787212664027452,0.1121826182897027,0.0,0.0,0.0,0.0,-9.080892184876177e-07
1771787212680791139,0.11002866326451331,0.0,0.0,0.0,0.0,-2.2778000938750154e-06
1771787212697291612,0.10576252621721477,0.0,0.0,0.0,0.0,8.746723638708431e-07
1771787212713868618,0.10373160524180787,0.0,0.0,0.0,0.0,-2.6026925814548463e-07
1771787212730556964,0.10174016863952282,0.0,0.0,0.0,0.0,3.1250861991516388e-06
1771787212747246026,0.09978650177306621,0.0,0.0,0.0,0.0,1.3726183256679292e-06
1771787212763857364,0.09787060280724214,0.0,0.0,0.0,0.0,2.9457676111732667e-06
1771787212780589342,0.09599190141975458,0.0,0.0,0.0,0.0,-2.0729684675480087e-06
1771787212797250747,0.09414867930291558,0.0,0.0,0.0,0.0,-4.887728195512864e-06
1771787212813930034,0.09234093462143063,0.0,0.0,0.0,0.0,3.888094331827574e-06
1771787212830608129,0.09056809888831185,0.0,0.0,0.0,0.0,4.027261283123806e-06
1771787212847267389,0.08882902595331997,0.0,0.0,0.0,0.0,3.7252443796376156e-06
1771787212863897085,0.0871237176516918,0.0,0.0,0.0,0.0,-5.4222894587674375e-06
1771787212880719900,0.08545102416271048,0.0,0.0,0.0,0.0,4.4074427574258834e-06
1771787212897360324,0.08381037883458078,0.0,0.0,0.0,0.0,3.0932594259347468e-06
1771787212913776159,0.0822012076745796,0.0,0.0,0.0,0.0,-8.41031332576847e-07
1771787212930738925,0.08062293669001902,0.0,0.0,0.0,0.0,4.023506362749174e-06
1771787212947110176,0.07907499739378011,0.0,0.0,0.0,0.0,-4.813835251749055e-06
1771787212963896274,0.07755681395797273,0.0,0.0,0.0,0.0,-6.599407080809527e-06
1771787212980446577,0.07606781422501667,0.0,0.0,0.0,0.0,-7.726666360063916e-07
1771787212997385263,0.07460685571523036,0.0,0.0,0.0,0.0,-1.041181321159712e-06
1771787213014016151,0.07317451058611595,0.0,0.0,0.0,0.0,-5.694397782640692e-06
1771787213030750751,0.07176963268736983,0.0,0.0,0.0,0.0,-5.731225015903618e-06
1771787213047323942,0.07039164986149476,0.0,0.0,0.0,0.0,-2.760938544454916e-08
1771787213064054489,0.06903999178630905,0.0,0.0,0.0,0.0,-2.787896020706171e-06
1771787213080676555,0.06771465662650814,0.0,0.0,0.0,0.0,-3.680632212343937e-07
1771787213097946166,0.06638874930921501,0.0,0.0,0.0,0.0,7.411182267880179e-07
1771787213113917350,0.06381418878359443,0.0,0.0,0.0,0.0,2.1326054908676895e-06
1771787213130597352,0.06258899770318202,0.0,0.0,0.0,0.0,3.8072549113365994e-06
1771787213147247791,0.06138726875069987,0.0,0.0,0.0,0.0,6.288353417982506e-06
1771787213163733005,0.06020843160384347,0.0,0.0,0.0,0.0,-4.607339894935336e-06
1771787213180835485,0.0,0.0,0.0,0.0,0.0,0.0
1771787213193612575,0.0,0.0,0.0,0.0,0.0,-2.0
1771787213210569143,0.0,0.0,0.0,0.0,0.0,-2.0
1771787213227175235,0.0,0.0,0.0,0.0,0.0,-2.0
1771787213243770360,0.0,0.0,0.0,0.0,0.0,-2.0
1771787213260441064,0.0,0.0,0.0,0.0,0.0,-2.0
1771787213277278661,0.0,0.0,0.0,0.0,0.0,-2.0
1771787213293979644,0.0,0.0,0.0,0.0,0.0,-2.0
1771787213310616016,0.0,0.0,0.0,0.0,0.0,-2.0
1771787213327247381,0.0,0.0,0.0,0.0,0.0,-2.0
1771787213343975305,0.0,0.0,0.0,0.0,0.0,-2.0
1771787213360717296,0.0,0.0,0.0,0.0,0.0,-2.0
1771787213377330064,0.0,0.0,0.0,0.0,0.0,-2.0
1771787213394084453,0.0,0.0,0.0,0.0,0.0,-2.0
1771787213410791873,0.0,0.0,0.0,0.0,0.0,-2.0
1771787213427429914,0.0,0.0,0.0,0.0,0.0,-2.0
1771787213444091320,0.0,0.0,0.0,0.0,0.0,-2.0
1771787213460661411,0.0,0.0,0.0,0.0,0.0,-2.0
1771787213477340698,0.0,0.0,0.0,0.0,0.0,-2.0
1771787213494078397,0.0,0.0,0.0,0.0,0.0,-2.0
1771787213510797739,0.0,0.0,0.0,0.0,0.0,-2.0
1771787213527385711,0.0,0.0,0.0,0.0,0.0,-2.0
1771787213544023036,0.0,0.0,0.0,0.0,0.0,-2.0
1771787213561379909,0.0,0.0,0.0,0.0,0.0,-2.0
1771787213577796697,0.0,0.0,0.0,0.0,0.0,-2.0
1771787213594351291,0.0,0.0,0.0,0.0,0.0,-2.0
1771787213610597372,0.0,0.0,0.0,0.0,0.0,-2.0
1771787213627401828,0.0,0.0,0.0,0.0,0.0,-2.0
1771787213644031286,0.0,0.0,0.0,0.0,0.0,-2.0
1771787213660656690,0.0,0.0,0.0,0.0,0.0,-2.0
1771787213677519321,0.0,0.0,0.0,0.0,0.0,-2.0
1771787213694147348,0.0,0.0,0.0,0.0,0.0,-2.0
1771787213710799932,0.0,0.0,0.0,0.0,0.0,-2.0
1771787213727365016,0.0,0.0,0.0,0.0,0.0,-2.0
1771787213744009017,0.0,0.0,0.0,0.0,0.0,-2.0
1771787213760799884,0.0,0.0,0.0,0.0,0.0,-2.0
1771787213777627944,0.0,0.0,0.0,0.0,0.0,-2.0
1771787213793885707,0.0,0.0,0.0,0.0,0.0,-2.0
1771787213810688734,0.0,0.0,0.0,0.0,0.0,-1.8878767265512928
1771787213827297449,0.0,0.0,0.0,0.0,0.0,-1.7066405786707386
1771787213844079732,0.0,0.0,0.0,0.0,0.0,-1.5428032054140552
1771787213860952138,1.2,0.0,0.0,0.0,0.0,-1.3946939481928333
1771787213877268552,1.2,0.0,0.0,0.0,0.0,-1.2742831694281609
1771787213894132852,1.2,0.0,0.0,0.0,0.0,-1.1644158962932147
1771787213910661458,1.2,0.0,0.0,0.0,0.0,-1.0641565093485659
1771787213927099227,1.2,0.0,0.0,0.0,0.0,-0.9726532102407492
1771787213943847894,1.2,0.0,0.0,0.0,0.0,-0.8891352470696167
1771787213961009740,1.2,0.0,0.0,0.0,0.0,-0.8128932818700867
1771787213977200984,1.2,0.0,0.0,0.0,0.0,-0.6654908854126516
1771787213994045019,1.2,0.0,0.0,0.0,0.0,-0.6086759998889815
1771787214010605096,1.2,0.0,0.0,0.0,0.0,-0.5567897331902796
1771787214027527332,1.2,0.0,0.0,0.0,0.0,-0.5093996949036844
1771787214044074296,1.2,0.0,0.0,0.0,0.0,-0.46611135822489347
1771787214060655832,1.2,0.0,0.0,0.0,0.0,-0.42656621678450507
1771787214077343940,1.2,0.0,0.0,0.0,0.0,-0.3904361610052349
1771787214094106912,1.2,0.0,0.0,0.0,0.0,-0.3574224761848366
1771787214110486030,1.2,0.0,0.0,0.0,0.0,-0.32725455762056854
1771787214127247810,1.2,0.0,0.0,0.0,0.0,-0.2996816222875102
1771787214144122123,1.2,0.0,0.0,0.0,0.0,-0.27447799068616746
1771787214160705566,1.2,0.0,0.0,0.0,0.0,-0.25143697953456234
1771787214177522897,1.2,0.0,0.0,0.0,0.0,-0.23037283464771813
1771787214194155454,1.2,0.0,0.0,0.0,0.0,-0.21111068113738507
1771787214210681200,1.2,0.0,0.0,0.0,0.0,-0.19349524536481333
1771787214227356433,1.2,0.0,0.0,0.0,0.0,-0.17738514333697955
1771787214244002819,1.2,0.0,0.0,0.0,0.0,-0.16264922147619626
1771787214260486364,1.2,0.0,0.0,0.0,0.0,-0.14916749848311645
1771787214277396202,1.2,0.0,0.0,0.0,0.0,-0.13683004643324975
1771787214294088363,1.2,0.0,0.0,0.0,0.0,-0.12554256212544296
1771787214310653924,1.2,0.0,0.0,0.0,0.0,-0.11521168573742921
1771787214327307224,1.2,0.0,0.0,0.0,0.0,-0.10575350233629047
1771787214344169139,1.2,0.0,0.0,0.0,0.0,-0.09709729428757477
1771787214360585212,1.2,0.0,0.0,0.0,0.0,-0.0883252722880242
1771787214377623081,1.2,0.0,0.0,0.0,0.0,-0.07297870719182528
1771787214393967151,1.2,0.0,0.0,0.0,0.0,-0.06707348667889479
1771787214410696268,1.2,0.0,0.0,0.0,0.0,-0.061661291611849536
1771787214427278041,1.2,0.0,0.0,0.0,0.0,-0.05670382516672131
1771787214443922281,1.2,0.0,0.0,0.0,0.0,-0.05216186755235447
1771787214460781812,1.2,0.0,0.0,0.0,0.0,-0.04799761400854519
1771787214477293491,1.2,0.0,0.0,0.0,0.0,-0.04417705002238366
1771787214494023323,1.2,0.0,0.0,0.0,0.0,-0.040677865735033486
1771787214510602474,1.2,0.0,0.0,0.0,0.0,-0.03746664211598001
1771787214527293920,1.1969705823607981,0.0,0.0,0.0,0.0,-0.0345215691879746
1771787214543812513,1.1739892961403977,0.0,0.0,0.0,0.0,-0.03181996188104287
1771787214560672283,1.1514488811159838,0.0,0.0,0.0,0.0,-0.029326500966767737
1771787214577311038,1.1293413272230386,0.0,0.0,0.0,0.0,-0.02702971829693317
1771787214594174385,1.1076580509565936,0.0,0.0,0.0,0.0,-0.024913858649173785
1771787214610603809,1.0863910415309341,0.0,0.0,0.0,0.0,-0.02296503242773725
1771787214627227544,1.0655325723405067,0.0,0.0,0.0,0.0,-0.021164614246098168
1771787214643915414,1.045074349611435,0.0,0.0,0.0,0.0,-0.019508810327155627
1771787214660577535,1.0250092195958762,0.0,0.0,0.0,0.0,-0.01798169842259842
1771787214677351713,1.0053291716067276,0.0,0.0,0.0,0.0,-0.016572230519853466
1771787214693974971,0.9860267686731791,0.0,0.0,0.0,0.0,-0.01527407479583718
1771787214710624217,0.9670951449619569,0.0,0.0,0.0,0.0,-0.014078415902217613
1771787214727142572,0.9485268625826686,0.0,0.0,0.0,0.0,-0.012977503896327864
1771787214744211196,0.9303153406897948,0.0,0.0,0.0,0.0,-0.011960852833444245
1771787214760586500,0.912453141578907,0.0,0.0,0.0,0.0,-0.01102270484628801
1771787214777439832,0.8945912225825426,0.0,0.0,0.0,0.0,-0.010073753335756308
1771787214793908834,0.8598958986621584,0.0,0.0,0.0,0.0,-0.008389629264959262
1771787214810522079,0.8433860796767677,0.0,0.0,0.0,0.0,-0.007733639252159623
1771787214827303171,0.8271929709325695,0.0,0.0,0.0,0.0,-0.007128154789195582
1771787214843871116,0.8113108517560743,0.0,0.0,0.0,0.0,-0.006571762592868522
1771787214860493898,0.7957337124043964,0.0,0.0,0.0,0.0,-0.006054863551587768
1771787214877094984,0.7804555476679008,0.0,0.0,0.0,0.0,-0.005581621341382211
1771787214893905639,0.7654709200317985,0.0,0.0,0.0,0.0,-0.0051429894833113655
1771787214910621643,0.7507738243683505,0.0,0.0,0.0,0.0,-0.004744158333307815
1771787214927316188,0.7363591077314363,0.0,0.0,0.0,0.0,-0.0043718458809059784
1771787214943934202,0.7222210495810363,0.0,0.0,0.0,0.0,-0.00402758826964241
1771787214960505008,0.7083542155131258,0.0,0.0,0.0,0.0,-0.0037131165656389764
1771787214977228403,0.6947540263185544,0.0,0.0,0.0,0.0,-0.0034204551737937877
1771787214994050979,0.6814144769839904,0.0,0.0,0.0,0.0,-0.0031571585816813847
1771787215010629415,0.668331557350898,0.0,0.0,0.0,0.0,-0.0029050959106312986
1771787215027309656,0.6554995501031435,0.0,0.0,0.0,0.0,-0.002678144110775763
1771787215044141292,0.6429138760318115,0.0,0.0,0.0,0.0,-0.00246866729571245
1771787215060610294,0.630569957504057,0.0,0.0,0.0,0.0,-0.002274792079432093
1771787215077358484,0.6184629323846215,0.0,0.0,0.0,0.0,-0.00210038619216895
1771787215094181060,0.6065885059531289,0.0,0.0,0.0,0.0,-0.0019323764986701793
1771787215110725879,0.5949421037785928,0.0,0.0,0.0,0.0,-0.0017811629104047813
1771787215127311468,0.5835191482423604,0.0,0.0,0.0,0.0,-0.001645265241501233
1771787215144000768,0.5723156323177698,0.0,0.0,0.0,0.0,-0.0015173371819510806
1771787215160796642,0.5613269783778794,0.0,0.0,0.0,0.0,-0.0013964133813553284
1771787215177440404,0.5503386105490697,0.0,0.0,0.0,0.0,-0.0012764701889022368
1771787215193930149,0.5289947322843794,0.0,0.0,0.0,0.0,-0.0010606871329875865
1771787215210631847,0.518838065379817,0.0,0.0,0.0,0.0,-0.0009801894648302605
1771787215227228879,0.5088762333612948,0.0,0.0,0.0,0.0,-0.0009017549895967538
1771787215243745088,0.49910580463480686,0.0,0.0,0.0,0.0,-0.0008318236190926753
1771787215260449647,0.4895230598860013,0.0,0.0,0.0,0.0,-0.0007697464135457913
1771787215277359008,0.4801242781733685,0.0,0.0,0.0,0.0,-0.0007077994430879329
1771787215294005393,0.47090574180701505,0.0,0.0,0.0,0.0,-0.0006530339413246692
1771787215310522079,0.46186430204570894,0.0,0.0,0.0,0.0,-0.0005974998578700029
1771787215327602386,0.45299652893353515,0.0,0.0,0.0,0.0,-0.000556189303456322
1771787215343935251,0.4442989859980539,0.0,0.0,0.0,0.0,-0.000512928853344384
1771787215360831737,0.43576852612444855,0.0,0.0,0.0,0.0,-0.00046766317258797527
1771787215377351760,0.427401719362884,0.0,0.0,0.0,0.0,-0.0004364131778372563
1771787215394091606,0.41919570143766577,0.0,0.0,0.0,0.0,-0.00040213509766657586
1771787215410762310,0.41114703913355743,0.0,0.0,0.0,0.0,-0.0003648912577963598
1771787215427211761,0.4032531608086587,0.0,0.0,0.0,0.0,-0.0003417288247424448
1771787215444067478,0.39551062998084746,0.0,0.0,0.0,0.0,-0.0003146986979411636
1771787215460593700,0.38791687173877415,0.0,0.0,0.0,0.0,-0.0002839134040816286
1771787215477259159,0.38046874224170013,0.0,0.0,0.0,0.0,-0.00026754434364099217
1771787215494121551,0.37316394940883024,0.0,0.0,0.0,0.0,-0.0002465840136144336
1771787215510548114,0.3659990600257309,0.0,0.0,0.0,0.0,-0.00022126179579531457
1771787215527266502,0.3589717885578174,0.0,0.0,0.0,0.0,-0.00021085302631067802
1771787215544232845,0.35207955682054654,0.0,0.0,0.0,0.0,-0.0001952838267658295
1771787215560501813,0.3451873234451141,0.0,0.0,0.0,0.0,-0.0001699566932580705
1771787215577794313,0.33842755816580966,0.0,0.0,0.0,0.0,-0.00015948453509453432
1771787215593930006,0.32530199049134984,0.0,0.0,0.0,0.0,-0.00013516481866504906
1771787215610478878,0.319056352205652,0.0,0.0,0.0,0.0,-0.00012511683530857815
1771787215627186775,0.31293030418832457,0.0,0.0,0.0,0.0,-0.00010957931082822541
1771787215643800020,0.30692213147214875,0.0,0.0,0.0,0.0,-9.99785497985458e-05
1771787215660659551,0.301029259147159,0.0,0.0,0.0,0.0,-9.615673077830594e-05
1771787215677282094,0.295249396764653,0.0,0.0,0.0,0.0,-8.634711654074458e-05
1771787215693930149,0.2895805432566894,0.0,0.0,0.0,0.0,-8.272017894668093e-05
1771787215710539817,0.2840206942752767,0.0,0.0,0.0,0.0,-7.302541300460274e-05
1771787215727367162,0.27856756265171934,0.0,0.0,0.0,0.0,-6.992616813754869e-05
1771787215744027137,0.27321914403779873,0.0,0.0,0.0,0.0,-6.068749235266669e-05
1771787215760626077,0.2679731512650066,0.0,0.0,0.0,0.0,-5.847358509079078e-05
1771787215777374505,0.2628281521872467,0.0,0.0,0.0,0.0,-5.0002714617473215e-05
1771787215794110774,0.25778185963610795,0.0,0.0,0.0,0.0,-4.8965393007965353e-05
1771787215810684919,0.25283226926317426,0.0,0.0,0.0,0.0,-4.159563733383692e-05
1771787215827237367,0.24797795220349841,0.0,0.0,0.0,0.0,-4.206454733991609e-05
1771787215843794107,0.24321690410852922,0.0,0.0,0.0,0.0,-3.60653788203779e-05
1771787215860578536,0.23854712391130967,0.0,0.0,0.0,0.0,-3.837551709891685e-05
1771787215877350807,0.23396689336412416,0.0,0.0,0.0,0.0,-3.4104568646214396e-05
1771787215894172906,0.2294747836027267,0.0,0.0,0.0,0.0,-3.8572308359961435e-05
1771787215910725116,0.22506878863635021,0.0,0.0,0.0,0.0,-2.1075407983893804e-05
1771787215927274227,0.2207474828834077,0.0,0.0,0.0,0.0,-2.9219206358249532e-05
1771787215944027662,0.21650914645490324,0.0,0.0,0.0,0.0,-3.0386045745765117e-05
1771787215961041688,0.21235234884479046,0.0,0.0,0.0,0.0,-2.498687840614411e-05
1771787215977433681,0.2081952651335979,0.0,0.0,0.0,0.0,-1.9512243779595644e-05
1771787215994240760,0.2001208537310689,0.0,0.0,0.0,0.0,-2.3501958220211935e-05
1771787216010725975,0.19627848289067312,0.0,0.0,0.0,0.0,-8.53309986387999e-06
1771787216027304887,0.19250992778034667,0.0,0.0,0.0,0.0,-5.733508131105722e-06
1771787216044115781,0.18881375789416732,0.0,0.0,0.0,0.0,-1.4712123036005921e-05
1771787216060837984,0.18518854108532354,0.0,0.0,0.0,0.0,-1.660944377334956e-05
1771787216077363491,0.18163284684790218,0.0,0.0,0.0,0.0,-1.1865117841543607e-05
1771787216094273328,0.17814553077775272,0.0,0.0,0.0,0.0,-8.435747768861801e-07
1771787216110533714,0.1747251640105028,0.0,0.0,0.0,0.0,-3.54534567904765e-06
1771787216127135276,0.17137031439935982,0.0,0.0,0.0,0.0,4.819063303459353e-07
1771787216143983840,0.16808012528211003,0.0,0.0,0.0,0.0,-9.539421107043582e-06
1771787216160650730,0.16485287841093285,0.0,0.0,0.0,0.0,-1.2421074506196658e-05
1771787216177352428,0.16168771548214353,0.0,0.0,0.0,0.0,-8.563170892744894e-06
1771787216193969726,0.15858349209151326,0.0,0.0,0.0,0.0,1.6442859763583437e-06
1771787216210619211,0.15553849327364166,0.0,0.0,0.0,0.0,-4.277810299301195e-06
1771787216227265357,0.1525521451849574,0.0,0.0,0.0,0.0,-3.2415651881733537e-06
1771787216243875026,0.14962330342104374,0.0,0.0,0.0,0.0,4.335535402123954e-06
1771787216260717630,0.14675053911745758,0.0,0.0,0.0,0.0,-5.3485975090869844e-06
1771787216277462720,0.14393270622861679,0.0,0.0,0.0,0.0,-7.899053788617237e-06
1771787216294027328,0.14116923255205188,0.0,0.0,0.0,0.0,-3.696483606091018e-06
1771787216310611248,0.13845897532539572,0.0,0.0,0.0,0.0,-1.794151882368155e-05
1771787216327293157,0.13580050075857142,0.0,0.0,0.0,0.0,4.5481749641994307e-07
1771787216344035387,0.1331929538326761,0.0,0.0,0.0,0.0,-1.452206320963663e-06
1771787216361227989,0.13058569300791137,0.0,0.0,0.0,0.0,-3.394489826336923e-06
1771787216377254962,0.12552108998582595,0.0,0.0,0.0,0.0,-1.3749717205370146e-05
1771787216394174814,0.12311124057386094,0.0,0.0,0.0,0.0,-1.4977901807499555e-05
1771787216410835266,0.12074745344151712,0.0,0.0,0.0,0.0,-9.617115509317348e-06
1771787216427293777,0.11842915638682637,0.0,0.0,0.0,0.0,2.0009649913770022e-06
1771787216444172859,0.1161552066474201,0.0,0.0,0.0,0.0,-1.0058034908579788e-05
1771787216460863828,0.11392502873711151,0.0,0.0,0.0,0.0,1.532496333815723e-05
1771787216478006362,0.11173776927791769,0.0,0.0,0.0,0.0,-1.560768136488113e-05
1771787216494551897,0.10959227893970783,0.0,0.0,0.0,0.0,-6.841787241832105e-06
1771787216510945320,0.10748827326371709,0.0,0.0,0.0,0.0,8.017930656911698e-06
1771787216527449607,0.10542432338597557,0.0,0.0,0.0,0.0,-4.0143247165011844e-06
1771787216544162273,0.1034001415636558,0.0,0.0,0.0,0.0,-8.713355271383963e-06
1771787216561058521,0.1014148694931274,0.0,0.0,0.0,0.0,-6.5531152945979415e-06
1771787216577509880,0.09946793497223397,0.0,0.0,0.0,0.0,2.09011614677769e-06
1771787216594165802,0.0975579074958348,0.0,0.0,0.0,0.0,1.673499512554709e-05
1771787216611070871,0.09568478870484248,0.0,0.0,0.0,0.0,1.3145589525124027e-06
1771787216627155542,0.09384771865495864,0.0,0.0,0.0,0.0,-6.55975092363377e-06
1771787216644053459,0.09204583904244691,0.0,0.0,0.0,0.0,-7.398448957260731e-06
1771787216660924673,0.09027857766500323,0.0,0.0,0.0,0.0,-1.6091647337852788e-06
1771787216677322864,0.08854536232065034,0.0,0.0,0.0,0.0,1.0444529598290647e-05
1771787216694046020,0.08684505024665203,0.0,0.0,0.0,0.0,-1.120137028348938e-05
1771787216710787773,0.08517763815919906,0.0,0.0,0.0,0.0,1.537663294496651e-05
1771787216727425575,0.0835422710385237,0.0,0.0,0.0,0.0,5.913374127900287e-06
1771787216744472265,0.08193837504089271,0.0,0.0,0.0,0.0,3.654245617453096e-06
1771787216760776758,0.08033419294215112,0.0,0.0,0.0,0.0,1.266249529451556e-06
1771787216777471542,0.077218811608132,0.0,0.0,0.0,0.0,1.765860723236881e-05
1771787216794174432,0.07573622412567806,0.0,0.0,0.0,0.0,-3.370853069194213e-06
1771787216810647964,0.07428196065440201,0.0,0.0,0.0,0.0,-1.6579770774002855e-05
1771787216827376127,0.07285573509266409,0.0,0.0,0.0,0.0,-2.2425680925807455e-05
1771787216843988656,0.07145697523794575,0.0,0.0,0.0,0.0,-2.1378340932432308e-05
1771787216860808372,0.07008482278686168,0.0,0.0,0.0,0.0,-1.3930573498868726e-05
1771787216877255201,0.06873927773962389,0.0,0.0,0.0,0.0,-3.126065386263241e-07
1771787216894110918,0.06741948179336364,0.0,0.0,0.0,0.0,1.9059081111202913e-05
1771787216910596132,0.06612515048814528,0.0,0.0,0.0,0.0,-7.959870906224832e-06
1771787216927405595,0.06485542223756022,0.0,0.0,0.0,0.0,2.609155021812172e-05
1771787216944063901,0.06361030032420327,0.0,0.0,0.0,0.0,1.0868106651145196e-05
1771787216960866212,0.06238892480386307,0.0,0.0,0.0,0.0,3.1522430222596237e-06
1771787216977557182,0.06119100957520146,0.0,0.0,0.0,0.0,2.5138516962126822e-06
1771787216994122982,0.06001626853709087,0.0,0.0,0.0,0.0,8.568946741320353e-06
1771787217011281728,0.0,0.0,0.0,0.0,0.0,0.0
1771787217017244577,0.0,0.0,0.0,0.0,0.0,-2.0
1771787217034073591,0.0,0.0,0.0,0.0,0.0,-2.0
1771787217050648927,0.0,0.0,0.0,0.0,0.0,-2.0
1771787217067889690,0.0,0.0,0.0,0.0,0.0,-2.0
1771787217084095239,0.0,0.0,0.0,0.0,0.0,-2.0
1771787217100687265,0.0,0.0,0.0,0.0,0.0,-2.0
1771787217117492675,0.0,0.0,0.0,0.0,0.0,-2.0
1771787217134136438,0.0,0.0,0.0,0.0,0.0,-2.0
1771787217150825738,0.0,0.0,0.0,0.0,0.0,-2.0
1771787217169011592,0.0,0.0,0.0,0.0,0.0,-2.0
1771787217183989524,0.0,0.0,0.0,0.0,0.0,-2.0
1771787217200710773,0.0,0.0,0.0,0.0,0.0,-2.0
1771787217217607259,0.0,0.0,0.0,0.0,0.0,-2.0
1771787217234143733,0.0,0.0,0.0,0.0,0.0,-2.0
1771787217250784873,0.0,0.0,0.0,0.0,0.0,-2.0
1771787217267373561,0.0,0.0,0.0,0.0,0.0,-2.0
1771787217284067869,0.0,0.0,0.0,0.0,0.0,-2.0
1771787217300854444,0.0,0.0,0.0,0.0,0.0,-2.0
1771787217317561149,0.0,0.0,0.0,0.0,0.0,-2.0
1771787217334216117,0.0,0.0,0.0,0.0,0.0,-2.0
1771787217350919246,0.0,0.0,0.0,0.0,0.0,-2.0
1771787217367469072,0.0,0.0,0.0,0.0,0.0,-2.0
1771787217384181737,0.0,0.0,0.0,0.0,0.0,-2.0
1771787217400959014,0.0,0.0,0.0,0.0,0.0,-2.0
1771787217417428731,0.0,0.0,0.0,0.0,0.0,-2.0
1771787217433976173,0.0,0.0,0.0,0.0,0.0,-2.0
1771787217450562715,0.0,0.0,0.0,0.0,0.0,-2.0
1771787217467387437,0.0,0.0,0.0,0.0,0.0,-2.0
1771787217483957290,0.0,0.0,0.0,0.0,0.0,-2.0
1771787217500668048,0.0,0.0,0.0,0.0,0.0,-2.0
1771787217517395257,0.0,0.0,0.0,0.0,0.0,-2.0
1771787217534056901,0.0,0.0,0.0,0.0,0.0,-2.0
1771787217550860881,0.0,0.0,0.0,0.0,0.0,-2.0
1771787217567324876,0.0,0.0,0.0,0.0,0.0,-2.0
1771787217584089517,0.0,0.0,0.0,0.0,0.0,-2.0
1771787217600585222,0.0,0.0,0.0,0.0,0.0,-2.0
1771787217617308378,0.0,0.0,0.0,0.0,0.0,-2.0
1771787217634154081,0.0,0.0,0.0,0.0,0.0,-1.9481059183077618
1771787217650736808,0.0,0.0,0.0,0.0,0.0,-1.7610880006747052
1771787217667464971,0.0,0.0,0.0,0.0,0.0,-1.5920237173037335
1771787217684086561,1.2,0.0,0.0,0.0,0.0,-1.4391893018679425
1771787217700755596,1.2,0.0,0.0,0.0,0.0,-1.3149343829201148
1771787217717483282,1.2,0.0,0.0,0.0,0.0,-1.2015602260497475
1771787217734120607,1.2,0.0,0.0,0.0,0.0,-1.098101578071264
1771787217750960350,1.2,0.0,0.0,0.0,0.0,-1.003679539478894
1771787217767535924,1.2,0.0,0.0,0.0,0.0,-0.9174963377952561
1771787217784208059,1.2,0.0,0.0,0.0,0.0,-0.838823650979597
1771787217800808668,1.2,0.0,0.0,0.0,0.0,-0.7670000186852208
1771787217817597150,1.2,0.0,0.0,0.0,0.0,-0.6944469310176049
1771787217833961248,1.2,0.0,0.0,0.0,0.0,-0.5681270482312555
1771787217850730657,1.2,0.0,0.0,0.0,0.0,-0.5197743571376878
1771787217867458343,1.2,0.0,0.0,0.0,0.0,-0.4756063420581822
1771787217884095430,1.2,0.0,0.0,0.0,0.0,-0.4352566498384256
1771787217900699377,1.2,0.0,0.0,0.0,0.0,-0.39839095203416086
1771787217917320728,1.2,0.0,0.0,0.0,0.0,-0.36470613878245484
1771787217933972835,1.2,0.0,0.0,0.0,0.0,-0.33392326912985615
1771787217950661182,1.2,0.0,0.0,0.0,0.0,-0.3057883183819641
1771787217967360258,1.2,0.0,0.0,0.0,0.0,-0.28007235269251574
1771787217984116315,1.2,0.0,0.0,0.0,0.0,-0.25656374939445037
1771787218000704288,1.2,0.0,0.0,0.0,0.0,-0.2350701912196933
1771787218017500638,1.2,0.0,0.0,0.0,0.0,-0.2154157925471143
1771787218034068107,1.2,0.0,0.0,0.0,0.0,-0.19744295659649547
1771787218050786256,1.2,0.0,0.0,0.0,0.0,-0.1810040617739359
1771787218067509651,1.2,0.0,0.0,0.0,0.0,-0.16596741363040834
1771787218084109544,1.2,0.0,0.0,0.0,0.0,-0.15221142244587504
1771787218100833892,1.2,0.0,0.0,0.0,0.0,-0.1396241621887384
1771787218117434263,1.2,0.0,0.0,0.0,0.0,-0.12810582283299166
1771787218134116172,1.2,0.0,0.0,0.0,0.0,-0.11756399930003791
1771787218151013851,1.2,0.0,0.0,0.0,0.0,-0.10791394049975
1771787218167300701,1.2,0.0,0.0,0.0,0.0,-0.09908048815463566
1771787218184243679,1.2,0.0,0.0,0.0,0.0,-0.09099229358821326
1771787218201248884,1.2,0.0,0.0,0.0,0.0,-0.08358536010602569
1771787218217346906,1.2,0.0,0.0,0.0,0.0,-0.06918905372175654
1771787218234061241,1.2,0.0,0.0,0.0,0.0,-0.06360771397273224
1771787218250685214,1.2,0.0,0.0,0.0,0.0,-0.058494541255483146
1771787218267365217,1.2,0.0,0.0,0.0,0.0,-0.05380745791205399
1771787218284317016,1.2,0.0,0.0,0.0,0.0,-0.049511560485647976
1771787218300870180,1.2,0.0,0.0,0.0,0.0,-0.04557250537094015
1771787218317328214,1.2,0.0,0.0,0.0,0.0,-0.04196262339310852
1771787218334181308,1.2,0.0,0.0,0.0,0.0,-0.038650401102344745
1771787218350723028,1.1965700979580296,0.0,0.0,0.0,0.0,-0.03561303301511387
1771787218367397069,1.1735963249586245,0.0,0.0,0.0,0.0,-0.032824310952841884
1771787218384001493,1.1510631260420492,0.0,0.0,0.0,0.0,-0.03025419520847228
1771787218400822639,1.128963063014579,0.0,0.0,0.0,0.0,-0.027884574303333576
1771787218417570352,1.1072875539943485,0.0,0.0,0.0,0.0,-0.025701380084007575
1771787218434237718,1.0860274438622697,0.0,0.0,0.0,0.0,-0.023689300526167134
1771787218450906991,1.0651758675699992,0.0,0.0,0.0,0.0,-0.02183413877450624
1771787218467621564,1.0447248152305904,0.0,0.0,0.0,0.0,-0.02012475833624494
1771787218484364509,1.0246662772801898,0.0,0.0,0.0,0.0,-0.01854888009372857
1771787218500825166,1.0049928166461508,0.0,0.0,0.0,0.0,-0.017096663704640136
1771787218517484188,0.9856969946681989,0.0,0.0,0.0,0.0,-0.01575653519283282
1771787218534124851,0.9667713756144511,0.0,0.0,0.0,0.0,-0.014523741321048167
1771787218550823688,0.9482096655734538,0.0,0.0,0.0,0.0,-0.013386413092956406
1771787218567592144,0.9300038541185178,0.0,0.0,0.0,0.0,-0.012337092121020632
1771787218584089756,0.912147649450139,0.0,0.0,0.0,0.0,-0.011372137468203647
1771787218601039886,0.8942920055050294,0.0,0.0,0.0,0.0,-0.010390238002168761
1771787218617378473,0.8596083691011721,0.0,0.0,0.0,0.0,-0.008656387285326694
1771787218634082555,0.8431036757264835,0.0,0.0,0.0,0.0,-0.007979774662750128
1771787218650986194,0.8269159762324221,0.0,0.0,0.0,0.0,-0.007353834639572732
1771787218667443513,0.8110395514868185,0.0,0.0,0.0,0.0,-0.006779032993053935
1771787218684024095,0.7954675339503359,0.0,0.0,0.0,0.0,-0.006247700595627403
1771787218700647592,0.7801942025268727,0.0,0.0,0.0,0.0,-0.005757784584553338
1771787218717390775,0.765214981583988,0.0,0.0,0.0,0.0,-0.005308162377372749
1771787218734101533,0.7505224314177845,0.0,0.0,0.0,0.0,-0.004892693544163773
1771787218750832319,0.736112546557624,0.0,0.0,0.0,0.0,-0.004508716040653393
1771787218767247438,0.7219790348251013,0.0,0.0,0.0,0.0,-0.004155513681373346
1771787218784039020,0.7081173175330591,0.0,0.0,0.0,0.0,-0.003829696565907259
1771787218800763368,0.6945211025361816,0.0,0.0,0.0,0.0,-0.0035315722583080245
1771787218817560911,0.681186382301802,0.0,0.0,0.0,0.0,-0.0032538203191636583
1771787218834208011,0.6681080091040755,0.0,0.0,0.0,0.0,-0.0029990393433920737
1771787218851140499,0.6552802609209487,0.0,0.0,0.0,0.0,-0.0027650006660300264
1771787218867591381,0.6426985590708035,0.0,0.0,0.0,0.0,-0.0025474839582604325
1771787218884784936,0.6303589002583297,0.0,0.0,0.0,0.0,-0.002349494460100132
1771787218900814771,0.6182561325397649,0.0,0.0,0.0,0.0,-0.002164107400357995
1771787218917575359,0.6063856804302958,0.0,0.0,0.0,0.0,-0.001995274553415083
1771787218934242010,0.5947429652511673,0.0,0.0,0.0,0.0,-0.0018380118678904545
1771787218950878858,0.5833239826610432,0.0,0.0,0.0,0.0,-0.0016944113987147347
1771787218967699766,0.5721241550520514,0.0,0.0,0.0,0.0,-0.001563817795631195
1771787218984256982,0.5611394759430441,0.0,0.0,0.0,0.0,-0.0014410720175428438
1771787219000989675,0.5501542235702509,0.0,0.0,0.0,0.0,-0.0013163259588253595
1771787219017780065,0.5393806875602535,0.0,0.0,0.0,0.0,-0.0012022790863555066
1771787219034255981,0.5184613249347327,0.0,0.0,0.0,0.0,-0.0009999573474197554
1771787219050614833,0.5085071887251607,0.0,0.0,0.0,0.0,-0.000921488827488659
1771787219067257642,0.4987435974507934,0.0,0.0,0.0,0.0,-0.000849811490263086
1771787219083852767,0.4891676901081156,0.0,0.0,0.0,0.0,-0.0007835438751331303
1771787219100605726,0.47977603349325976,0.0,0.0,0.0,0.0,-0.0007220535697629593
1771787219117553472,0.47056405000152185,0.0,0.0,0.0,0.0,-0.000666203194539694
1771787219133909225,0.4615294497477204,0.0,0.0,0.0,0.0,-0.0006116071755073449
1771787219150649785,0.4526676572921176,0.0,0.0,0.0,0.0,-0.0005650861038084543
1771787219167504787,0.4439769549508502,0.0,0.0,0.0,0.0,-0.0005223157448499549
1771787219184201478,0.4354521918351334,0.0,0.0,0.0,0.0,-0.00047957684562360825
1771787219200765848,0.4270916524265658,0.0,0.0,0.0,0.0,-0.0004407164364210736
1771787219217744588,0.41889133240643,0.0,0.0,0.0,0.0,-0.00040858660978448924
1771787219234146118,0.410848940803521,0.0,0.0,0.0,0.0,-0.0003766074267068653
1771787219250730752,0.4029604732989252,0.0,0.0,0.0,0.0,-0.0003468635857126756
1771787219267497301,0.39522364109075764,0.0,0.0,0.0,0.0,-0.0003209149676850487
1771787219284098625,0.38763558209062965,0.0,0.0,0.0,0.0,-0.0002923604888369624
1771787219301010847,0.38019286526760104,0.0,0.0,0.0,0.0,-0.0002723366228476465
1771787219317478895,0.37289319964756407,0.0,0.0,0.0,0.0,-0.00025063329448249405
1771787219334197044,0.3657337253143563,0.0,0.0,0.0,0.0,-0.000231173292934983
1771787219350802183,0.35871158017885174,0.0,0.0,0.0,0.0,-0.00021011120635350267
1771787219367520570,0.3518239054124732,0.0,0.0,0.0,0.0,-0.0001971649451424362
1771787219384208917,0.3450689822399886,0.0,0.0,0.0,0.0,-0.00018141737431109917
1771787219401050806,0.3384439496587327,0.0,0.0,0.0,0.0,-0.00016427701704024855
1771787219417817115,0.3253203440595324,0.0,0.0,0.0,0.0,-0.00013839598459375324
1771787219434389829,0.3190741136177455,0.0,0.0,0.0,0.0,-0.000124799781703544
1771787219450812816,0.3129480474468383,0.0,0.0,0.0,0.0,-0.00011484595919863949
1771787219467591285,0.3069392845446798,0.0,0.0,0.0,0.0,-0.00010887704129602938
1771787219484153270,0.3010461072220078,0.0,0.0,0.0,0.0,-0.0001000379334716861
1771787219500815391,0.29526622667687324,0.0,0.0,0.0,0.0,-8.976194878318466e-05
1771787219517520427,0.2895967829950867,0.0,0.0,0.0,0.0,-8.33162384443753e-05
1771787219534301042,0.2840366317759169,0.0,0.0,0.0,0.0,-8.097680435392718e-05
1771787219550761461,0.27858290984046086,0.0,0.0,0.0,0.0,-7.013562441748888e-05
1771787219567460298,0.27323447496443326,0.0,0.0,0.0,0.0,-6.366293190751549e-05
1771787219584052562,0.2679884661456542,0.0,0.0,0.0,0.0,-6.273561764214008e-05
1771787219600824594,0.2628431656944237,0.0,0.0,0.0,0.0,-5.9066942714292026e-05
1771787219617434024,0.2577962848088232,0.0,0.0,0.0,0.0,-5.416556630821745e-05
1771787219634068250,0.2528466790879229,0.0,0.0,0.0,0.0,-4.801721840541617e-05
1771787219650721073,0.24799206081864483,0.0,0.0,0.0,0.0,-4.763843655553046e-05
1771787219667484521,0.2432307112221948,0.0,0.0,0.0,0.0,-3.7942974611571145e-05
1771787219684339284,0.23856062977444997,0.0,0.0,0.0,0.0,-3.514994630560153e-05
1771787219701004981,0.233980098785377,0.0,0.0,0.0,0.0,-3.17018437261396e-05
1771787219717215061,0.22948768884257725,0.0,0.0,0.0,0.0,-3.370923217893562e-05
1771787219734296798,0.2250816811671944,0.0,0.0,0.0,0.0,-2.7886657940179305e-05
1771787219750826597,0.22076007523525518,0.0,0.0,0.0,0.0,-2.876946535002034e-05
1771787219767415523,0.2165214394568828,0.0,0.0,0.0,0.0,-2.8977633999005548e-05
1771787219784187316,0.21236405614170917,0.0,0.0,0.0,0.0,-2.0568513846797032e-05
1771787219800863742,0.2082867830667178,0.0,0.0,0.0,0.0,-2.0356289210266e-05
1771787219817437410,0.20021034336650695,0.0,0.0,0.0,0.0,-2.0547151638794503e-05
1771787219834074974,0.19636624523979643,0.0,0.0,0.0,0.0,-1.967554372361846e-05
1771787219850794076,0.1925959620594695,0.0,0.0,0.0,0.0,-1.97285475556086e-05
1771787219867335319,0.18889806223534497,0.0,0.0,0.0,0.0,-1.0371996356450808e-05
1771787219884087085,0.1852714035445975,0.0,0.0,0.0,0.0,-1.1911130552544336e-05
1771787219900752782,0.18171426829691995,0.0,0.0,0.0,0.0,-1.3533393892206647e-05
1771787219917391061,0.17822522490216122,0.0,0.0,0.0,0.0,-6.549990711146592e-06
1771787219934274196,0.1748034172376346,0.0,0.0,0.0,0.0,-1.091977971645619e-05
1771787219950800180,0.17144712652404082,0.0,0.0,0.0,0.0,-6.762465101228798e-06
1771787219967461824,0.16815520944950874,0.0,0.0,0.0,0.0,-3.93525071062939e-06
1771787219984203815,0.164926808802376,0.0,0.0,0.0,0.0,-1.304734676299546e-05
1771787220000826120,0.16176020471414557,0.0,0.0,0.0,0.0,-3.2086476262627173e-06
1771787220017549753,0.15865425605110908,0.0,0.0,0.0,0.0,-5.918888557943092e-06
1771787220034131765,0.15560810342365197,0.0,0.0,0.0,0.0,-1.1019990727945128e-05
1771787220050610065,0.15262060134163422,0.0,0.0,0.0,0.0,-7.572125281463116e-06
1771787220067555665,0.14969003429292552,0.0,0.0,0.0,0.0,-6.796164913502878e-06
1771787220084040164,0.14681611617730347,0.0,0.0,0.0,0.0,-8.896697005766896e-06
1771787220100966691,0.14399712930423728,0.0,0.0,0.0,0.0,-2.393945950807108e-06
1771787220117412090,0.14123250256251066,0.0,0.0,0.0,0.0,9.735894197504535e-07
1771787220134033441,0.1385208054509085,0.0,0.0,0.0,0.0,-6.51277427987651e-07
1771787220150925397,0.13586117966880581,0.0,0.0,0.0,0.0,-4.7640397706771864e-06
1771787220167443752,0.13325276582645862,0.0,0.0,0.0,0.0,-1.0043200697751331e-06
1771787220184182167,0.13069413451182904,0.0,0.0,0.0,0.0,-1.5314270758182147e-06
1771787220200847864,0.12818499962472335,0.0,0.0,0.0,0.0,-6.6524326607364515e-06
1771787220217820644,0.1256755775482985,0.0,0.0,0.0,0.0,2.344307554746905e-06
1771787220234057903,0.1208015044641792,0.0,0.0,0.0,0.0,-9.555140592087952e-06
1771787220250668764,0.1184820562023947,0.0,0.0,0.0,0.0,-6.249097744603915e-06
1771787220267394065,0.11620723957528423,0.0,0.0,0.0,0.0,4.474820241018307e-06
1771787220284019231,0.11397591236009755,0.0,0.0,0.0,0.0,-5.7869237775065585e-06
1771787220300566196,0.11178778627847606,0.0,0.0,0.0,0.0,-6.91050454726394e-06
1771787220317502260,0.10964143082916578,0.0,0.0,0.0,0.0,5.972878658333514e-07
1771787220334044933,0.10753627490098869,0.0,0.0,0.0,0.0,-2.695910628069953e-07
1771787220350586414,0.1054714601932972,0.0,0.0,0.0,0.0,-7.966927533686885e-06
1771787220367609739,0.10344641341635846,0.0,0.0,0.0,0.0,-5.754656244860712e-06
1771787220384035348,0.10146027626957071,0.0,0.0,0.0,0.0,3.819787576908595e-06
1771787220400753498,0.09951219154147772,0.0,0.0,0.0,0.0,5.255178538998706e-06
1771787220417425394,0.09760158703154134,0.0,0.0,0.0,0.0,-2.7866922156505325e-06
1771787220433984041,0.09572760335002137,0.0,0.0,0.0,0.0,-1.6641583724386066e-06
1771787220450728654,0.0938896682965553,0.0,0.0,0.0,0.0,8.988235409290724e-06
1771787220467501878,0.09208721184879379,0.0,0.0,0.0,0.0,-1.0598257067950811e-05
1771787220484231710,0.09031908633838467,0.0,0.0,0.0,0.0,-3.496000702263302e-07
1771787220500949621,0.08858500784363178,0.0,0.0,0.0,0.0,-1.7820782982624905e-06
1771787220517519474,0.08688411697463437,0.0,0.0,0.0,0.0,5.454332596244171e-06
1771787220534142255,0.08521584262000818,0.0,0.0,0.0,0.0,8.57622616923237e-07
1771787220550923585,0.08357961149029816,0.0,0.0,0.0,0.0,5.579149319867582e-06
1771787220567376136,0.08197513857427079,0.0,0.0,0.0,0.0,-1.6068925283718727e-06
1771787220584200620,0.08040099228179708,0.0,0.0,0.0,0.0,-4.6111741758281255e-07
1771787220600927114,0.07885745871317175,0.0,0.0,0.0,0.0,9.596944599010726e-06
1771787220617628335,0.07579957597652391,0.0,0.0,0.0,0.0,-6.28443743844187e-06
1771787220634507179,0.07434416236531731,0.0,0.0,0.0,0.0,8.26746492066377e-06
1771787220651012420,0.07291678766493141,0.0,0.0,0.0,0.0,7.916685710984694e-06
1771787220667704343,0.0715168796749044,0.0,0.0,0.0,0.0,-7.654212016205975e-06
1771787220684070110,0.07014386510591057,0.0,0.0,0.0,0.0,-1.3622573819649375e-05
1771787220700557470,0.06879688565695682,0.0,0.0,0.0,0.0,-1.0491627766562317e-05
1771787220717290639,0.06747594132813195,0.0,0.0,0.0,0.0,1.5234986618928303e-06
1771787220734101057,0.06618046100831489,0.0,0.0,0.0,0.0,-5.33897811827444e-06
1771787220750487089,0.06490987140774943,0.0,0.0,0.0,0.0,-2.2530355248129297e-06
1771787220767352104,0.0636636003261059,0.0,0.0,0.0,0.0,8.937552407495275e-06
1771787220784039497,0.06244136275213453,0.0,0.0,0.0,0.0,1.1518800566712173e-06
1771787220800721883,0.061242299296190426,0.0,0.0,0.0,0.0,2.4446671247346785e-06
1771787220817548036,0.06006640995833447,0.0,0.0,0.0,0.0,1.2600007810448233e-05
1771787220834398746,0.0,0.0,0.0,0.0,0.0,0.0
1771787220841436624,0.0,0.0,0.0,0.0,0.0,-2.0
1771787220858439207,0.0,0.0,0.0,0.0,0.0,-2.0
1771787220874684333,0.0,0.0,0.0,0.0,0.0,-2.0
1771787220891302108,0.0,0.0,0.0,0.0,0.0,-2.0
1771787220908328771,0.0,0.0,0.0,0.0,0.0,-2.0
1771787220924910545,0.0,0.0,0.0,0.0,0.0,-2.0
1771787220941567897,0.0,0.0,0.0,0.0,0.0,-2.0
1771787220958045959,0.0,0.0,0.0,0.0,0.0,-2.0
1771787220974755525,0.0,0.0,0.0,0.0,0.0,-2.0
1771787220991572380,0.0,0.0,0.0,0.0,0.0,-2.0
1771787221008358478,0.0,0.0,0.0,0.0,0.0,-2.0
1771787221024799823,0.0,0.0,0.0,0.0,0.0,-2.0
1771787221042018413,0.0,0.0,0.0,0.0,0.0,-2.0
1771787221058353424,0.0,0.0,0.0,0.0,0.0,-2.0
1771787221074927806,0.0,0.0,0.0,0.0,0.0,-2.0
1771787221091531276,0.0,0.0,0.0,0.0,0.0,-2.0
1771787221108412265,0.0,0.0,0.0,0.0,0.0,-2.0
1771787221124883651,0.0,0.0,0.0,0.0,0.0,-2.0
1771787221141610383,0.0,0.0,0.0,0.0,0.0,-2.0
1771787221158099889,0.0,0.0,0.0,0.0,0.0,-2.0
1771787221174934387,0.0,0.0,0.0,0.0,0.0,-2.0
1771787221191616296,0.0,0.0,0.0,0.0,0.0,-2.0
1771787221208020687,0.0,0.0,0.0,0.0,0.0,-2.0
1771787221225085973,0.0,0.0,0.0,0.0,0.0,-2.0
1771787221242027997,0.0,0.0,0.0,0.0,0.0,-2.0
1771787221257977962,0.0,0.0,0.0,0.0,0.0,-2.0
1771787221275061845,0.0,0.0,0.0,0.0,0.0,-2.0
1771787221291370868,0.0,0.0,0.0,0.0,0.0,-2.0
1771787221308130741,0.0,0.0,0.0,0.0,0.0,-2.0
1771787221324927091,0.0,0.0,0.0,0.0,0.0,-2.0
1771787221341597080,0.0,0.0,0.0,0.0,0.0,-2.0
1771787221358452081,0.0,0.0,0.0,0.0,0.0,-2.0
1771787221374927043,0.0,0.0,0.0,0.0,0.0,-2.0
1771787221391433000,0.0,0.0,0.0,0.0,0.0,-2.0
1771787221408089160,0.0,0.0,0.0,0.0,0.0,-2.0
1771787221424952745,0.0,0.0,0.0,0.0,0.0,-2.0
1771787221441534996,0.0,0.0,0.0,0.0,0.0,-2.0
1771787221458324909,0.0,0.0,0.0,0.0,0.0,-1.9423495422001142
1771787221475017309,0.0,0.0,0.0,0.0,0.0,-1.7558838019962568
1771787221491359472,0.0,0.0,0.0,0.0,0.0,-1.5873194823856611
1771787221508245706,1.2,0.0,0.0,0.0,0.0,-1.434935678064372
1771787221524719476,1.2,0.0,0.0,0.0,0.0,-1.3110486132472632
1771787221541449069,1.2,0.0,0.0,0.0,0.0,-1.1980090864631965
1771787221558521032,1.2,0.0,0.0,0.0,0.0,-1.0948561159545704
1771787221574867725,1.2,0.0,0.0,0.0,0.0,-1.0007137349654913
1771787221591608047,1.2,0.0,0.0,0.0,0.0,-0.9147851004266334
1771787221608277320,1.2,0.0,0.0,0.0,0.0,-0.8280027719569887
1771787221624934434,1.2,0.0,0.0,0.0,0.0,-0.7486801723321399
1771787221641491889,1.2,0.0,0.0,0.0,0.0,-0.6769659998143105
1771787221658030271,1.2,0.0,0.0,0.0,0.0,-0.553729770984047
1771787221674629449,1.2,0.0,0.0,0.0,0.0,-0.5066025189547396
1771787221691426515,1.2,0.0,0.0,0.0,0.0,-0.46355415235308595
1771787221708329200,1.2,0.0,0.0,0.0,0.0,-0.4242265498565958
1771787221725095748,1.2,0.0,0.0,0.0,0.0,-0.3882963270343902
1771787221741896629,1.2,0.0,0.0,0.0,0.0,-0.355465065563342
1771787221758454799,1.2,0.0,0.0,0.0,0.0,-0.32546201140640996
1771787221774903774,1.2,0.0,0.0,0.0,0.0,-0.29803966258863124
1771787221791290283,1.2,0.0,0.0,0.0,0.0,-0.2729755449191389
1771787221808161973,1.2,0.0,0.0,0.0,0.0,-0.2500630602599543
1771787221824854850,1.2,0.0,0.0,0.0,0.0,-0.22911414903834437
1771787221841342926,1.2,0.0,0.0,0.0,0.0,-0.20995848334063183
1771787221858100652,1.2,0.0,0.0,0.0,0.0,-0.1924406424876155
1771787221874883174,1.2,0.0,0.0,0.0,0.0,-0.1764189119679216
1771787221891525268,1.2,0.0,0.0,0.0,0.0,-0.16176178572269695
1771787221908305883,1.2,0.0,0.0,0.0,0.0,-0.1483550179429738
1771787221924742460,1.2,0.0,0.0,0.0,0.0,-0.13608723072617934
1771787221941858768,1.2,0.0,0.0,0.0,0.0,-0.12485981877351016
1771787221958333730,1.2,0.0,0.0,0.0,0.0,-0.1145859320059337
1771787221975046157,1.2,0.0,0.0,0.0,0.0,-0.10517943355561954
1771787221991630315,1.2,0.0,0.0,0.0,0.0,-0.09657072011908419
1771787222008248567,1.2,0.0,0.0,0.0,0.0,-0.088686703560235
1771787222024784088,1.2,0.0,0.0,0.0,0.0,-0.08069710260212482
1771787222042020797,1.2,0.0,0.0,0.0,0.0,-0.0733695647872672
1771787222057975292,1.2,0.0,0.0,0.0,0.0,-0.06068530352556856
1771787222074801445,1.2,0.0,0.0,0.0,0.0,-0.0558076764991462
1771787222091410160,1.2,0.0,0.0,0.0,0.0,-0.05133557763664243
1771787222108106136,1.2,0.0,0.0,0.0,0.0,-0.04723626895823685
1771787222125077486,1.2,0.0,0.0,0.0,0.0,-0.043480704505912016
1771787222141414403,1.2,0.0,0.0,0.0,0.0,-0.04003429848946283
1771787222158171892,1.2,0.0,0.0,0.0,0.0,-0.03687405581661096
1771787222174930572,1.1965549535911078,0.0,0.0,0.0,0.0,-0.03397597719930623
1771787222191435337,1.1735814145472152,0.0,0.0,0.0,0.0,-0.03131556670143176
1771787222208222389,1.1510490298662432,0.0,0.0,0.0,0.0,-0.02886472449232791
1771787222225296020,1.1289492158490528,0.0,0.0,0.0,0.0,-0.026604741117406405
1771787222241514921,1.10727338937264,0.0,0.0,0.0,0.0,-0.024520108794382267
1771787222258160829,1.0860138261376837,0.0,0.0,0.0,0.0,-0.022599959956803417
1771787222274677276,1.0651625168975347,0.0,0.0,0.0,0.0,-0.020831128530641507
1771787222291600942,1.0447114500567976,0.0,0.0,0.0,0.0,-0.01920012312764996
1771787222308241128,1.0246531878325233,0.0,0.0,0.0,0.0,-0.017696832749507507
1771787222325154304,1.0049800066158137,0.0,0.0,0.0,0.0,-0.016310023126054674
1771787222341580629,0.9856844691435303,0.0,0.0,0.0,0.0,-0.01503411611972627
1771787222358321666,0.9667591360716213,0.0,0.0,0.0,0.0,-0.013855396132523623
1771787222374887943,0.9481974295169604,0.0,0.0,0.0,0.0,-0.012770459037964699
1771787222391566991,0.9299921972540924,0.0,0.0,0.0,0.0,-0.011771255497139421
1771787222408264398,0.912136287129939,0.0,0.0,0.0,0.0,-0.01084983044661314
1771787222425334453,0.8946234053618008,0.0,0.0,0.0,0.0,-0.009999743022050644
1771787222441631793,0.859933504322842,0.0,0.0,0.0,0.0,-0.00834183195217797
1771787222458251237,0.8434228182145475,0.0,0.0,0.0,0.0,-0.0076874572165746
1771787222474998235,0.8272291284298215,0.0,0.0,0.0,0.0,-0.007084776225450895
1771787222491616964,0.8113464275547638,0.0,0.0,0.0,0.0,-0.006529481241509316
1771787222508245706,0.795768707359355,0.0,0.0,0.0,0.0,-0.006018109424335449
1771787222525014877,0.7804896743739477,0.0,0.0,0.0,0.0,-0.005546522516342023
1771787222541749000,0.7655044656610813,0.0,0.0,0.0,0.0,-0.005113561728432359
1771787222558260202,0.7508067860768011,0.0,0.0,0.0,0.0,-0.004712256234042478
1771787222574932813,0.7363912013678288,0.0,0.0,0.0,0.0,-0.004343848075537338
1771787222591642618,0.7222525616775021,0.0,0.0,0.0,0.0,-0.004003734941528947
1771787222608208179,0.708385431050972,0.0,0.0,0.0,0.0,-0.0036916049005473184
1771787222624616622,0.6947843735363851,0.0,0.0,0.0,0.0,-0.0034014160392628057
1771787222641901254,0.6814445262663048,0.0,0.0,0.0,0.0,-0.003135344073669444
1771787222658280611,0.6683607394038459,0.0,0.0,0.0,0.0,-0.002888900506689218
1771787222675093650,0.6555281492147681,0.0,0.0,0.0,0.0,-0.002661877205491159
1771787222691677808,0.6429421789541924,0.0,0.0,0.0,0.0,-0.0024552934762507306
1771787222708015918,0.6305976779077646,0.0,0.0,0.0,0.0,-0.0022620848537977523
1771787222724823713,0.6184900693374525,0.0,0.0,0.0,0.0,-0.002084802239118666
1771787222741527080,0.6066150617222995,0.0,0.0,0.0,0.0,-0.001921940580015935
1771787222758469343,0.5949680774411258,0.0,0.0,0.0,0.0,-0.0017720053892489318
1771787222775086879,0.583544538873444,0.0,0.0,0.0,0.0,-0.0016335047369420153
1771787222791536569,0.5723407267021163,0.0,0.0,0.0,0.0,-0.001506351825952379
1771787222808369398,0.5613517772070924,0.0,0.0,0.0,0.0,-0.0013876379890502832
1771787222825122356,0.5503628268233713,0.0,0.0,0.0,0.0,-0.0012668341078319045
1771787222841951370,0.539584734596472,0.0,0.0,0.0,0.0,-0.0011559909966969428
1771787222865757703,0.5186576895951672,0.0,0.0,0.0,0.0,-0.0009647172523843395
1771787222874620676,0.508699567902025,0.0,0.0,0.0,0.0,-0.0008878921772481618
1771787222891419649,0.49893256339969394,0.0,0.0,0.0,0.0,-0.0008184839054568016
1771787222908177375,0.4893529558721828,0.0,0.0,0.0,0.0,-0.0007545558403858621
1771787222924758195,0.47995731301244393,0.0,0.0,0.0,0.0,-0.0006953274123651099
1771787222941694736,0.4707422016102323,0.0,0.0,0.0,0.0,-0.0006423760419513869
1771787222958090066,0.4617039014479556,0.0,0.0,0.0,0.0,-0.0005921534025921105
1771787222974844932,0.45283926541473424,0.0,0.0,0.0,0.0,-0.0005431687053256695
1771787222991766929,0.4441448612064913,0.0,0.0,0.0,0.0,-0.0005006719859501629
1771787223008233308,0.4356172556131754,0.0,0.0,0.0,0.0,-0.00046198757270676793
1771787223025058507,0.4272533006174502,0.0,0.0,0.0,0.0,-0.00042471382507169864
1771787223041553258,0.41905013611843667,0.0,0.0,0.0,0.0,-0.00039289643368345395
1771787223058328628,0.4110043289062246,0.0,0.0,0.0,0.0,-0.00036389369012468364
1771787223074901819,0.40311301615408185,0.0,0.0,0.0,0.0,-0.00033225685980387
1771787223091629743,0.3953733395805101,0.0,0.0,0.0,0.0,-0.0003093007128232017
1771787223108160972,0.387782150257804,0.0,0.0,0.0,0.0,-0.00028523467548957626
1771787223124636650,0.3803365871769549,0.0,0.0,0.0,0.0,-0.0002614737022925695
1771787223141429424,0.37303436244101357,0.0,0.0,0.0,0.0,-0.0002411490617486578
1771787223158145189,0.36587204192967326,0.0,0.0,0.0,0.0,-0.0002212923656239596
1771787223174860239,0.35884733774645194,0.0,0.0,0.0,0.0,-0.00020523170655728507
1771787223191602706,0.351957387972381,0.0,0.0,0.0,0.0,-0.00018838038883473018
1771787223208301544,0.34519990380048066,0.0,0.0,0.0,0.0,-0.00017215885700228029
1771787223224903583,0.3385720251331303,0.0,0.0,0.0,0.0,-0.00015880291606240604
1771787223241600275,0.33194414646592196,0.0,0.0,0.0,0.0,-0.0001470296418455419
1771787223258274555,0.31907005130242166,0.0,0.0,0.0,0.0,-0.0001240601584715506
1771787223275104761,0.31294399807154294,0.0,0.0,0.0,0.0,-0.00011382514838675917
1771787223291501283,0.3069355331985867,0.0,0.0,0.0,0.0,-0.0001019066380480993
1771787223308112382,0.30104236878844215,0.0,0.0,0.0,0.0,-9.548242754586767e-05
1771787223324647665,0.2952622151227677,0.0,0.0,0.0,0.0,-8.912608768607555e-05
1771787223341428756,0.28959335559643357,0.0,0.0,0.0,0.0,-8.143626669809834e-05
1771787223358338594,0.28403321530183445,0.0,0.0,0.0,0.0,-7.393594787608038e-05
1771787223374884605,0.27857979244504116,0.0,0.0,0.0,0.0,-7.142017423600322e-05
1771787223391621112,0.27323108249616973,0.0,0.0,0.0,0.0,-6.175702239730185e-05
1771787223408201456,0.26798479847253714,0.0,0.0,0.0,0.0,-5.89264619765828e-05
1771787223424768686,0.26283950895793207,0.0,0.0,0.0,0.0,-5.539123001341295e-05
1771787223441540241,0.2577932112464344,0.0,0.0,0.0,0.0,-5.1255194843058405e-05
1771787223458311319,0.2528433304304599,0.0,0.0,0.0,0.0,-4.810588282655459e-05
1771787223475038766,0.24798872210663664,0.0,0.0,0.0,0.0,-4.3142664035933365e-05
1771787223491540908,0.24322738356907775,0.0,0.0,0.0,0.0,-3.936026560147354e-05
1771787223508270025,0.23855759821274075,0.0,0.0,0.0,0.0,-3.688083111708096e-05
1771787223525033235,0.23397707723090524,0.0,0.0,0.0,0.0,-3.30224391325018e-05
1771787223541457414,0.22948496232105214,0.0,0.0,0.0,0.0,-3.072026560335672e-05
1771787223558549404,0.2250786785756255,0.0,0.0,0.0,0.0,-2.8769593390265413e-05
1771787223574905157,0.22075708159127339,0.0,0.0,0.0,0.0,-2.7289621469250847e-05
1771787223591554164,0.21651874086381176,0.0,0.0,0.0,0.0,-2.6433371065337496e-05
1771787223608279705,0.21236165277476457,0.0,0.0,0.0,0.0,-1.8332956821964785e-05
1771787223624801397,0.20820427949741718,0.0,0.0,0.0,0.0,-1.9724929305908745e-05
1771787223641487836,0.2041270153677712,0.0,0.0,0.0,0.0,-2.069915027913538e-05
1771787223658265590,0.19621023781858613,0.0,0.0,0.0,0.0,-1.1531900892869373e-05
1771787223674683332,0.19244310973665205,0.0,0.0,0.0,0.0,-1.0039222197555375e-05
1771787223691532850,0.1887480799788315,0.0,0.0,0.0,0.0,-1.0329448104862138e-05
1771787223708284854,0.18512429024265692,0.0,0.0,0.0,0.0,-1.4026581813375572e-05
1771787223725031852,0.18156973690960754,0.0,0.0,0.0,0.0,-9.140523860473593e-06
1771787223741946697,0.1780835625898022,0.0,0.0,0.0,0.0,-6.4090214149103986e-06
1771787223758476972,0.17466433677899962,0.0,0.0,0.0,0.0,-7.549856699817781e-06
1771787223775269746,0.1713109150738862,0.0,0.0,0.0,0.0,-9.974746234320264e-06
1771787223791628837,0.1680215799567817,0.0,0.0,0.0,0.0,-5.251255529081789e-06
1771787223808408737,0.16479576013864464,0.0,0.0,0.0,0.0,-4.868666086288442e-06
1771787223825005531,0.16163173901442518,0.0,0.0,0.0,0.0,-7.774448810060619e-06
1771787223841806650,0.15852837126816952,0.0,0.0,0.0,0.0,-2.041429278953899e-06
1771787223858562469,0.15548451432181873,0.0,0.0,0.0,0.0,-1.2325529538337321e-05
1771787223874895572,0.1524993071347107,0.0,0.0,0.0,0.0,-2.9655928326377534e-06
1771787223891646862,0.1495713219409211,0.0,0.0,0.0,0.0,-1.0354719644389832e-05
1771787223908316373,0.14669941251156218,0.0,0.0,0.0,0.0,-9.28698198876532e-06
1771787223925003051,0.14388272054408976,0.0,0.0,0.0,0.0,-2.3164121234486856e-06
1771787223941705465,0.14112038864882925,0.0,0.0,0.0,0.0,1.379917566879385e-07
1771787223958350181,0.13841070022061022,0.0,0.0,0.0,0.0,-2.434421283226129e-06
1771787223975040912,0.135753369158751,0.0,0.0,0.0,0.0,-8.94151089969597e-06
1771787223991571426,0.13314696404619994,0.0,0.0,0.0,0.0,-9.869468621026556e-06
1771787224008377790,0.1305903404795316,0.0,0.0,0.0,0.0,-2.1042255857750547e-06
1771787224025050163,0.12803400392660982,0.0,0.0,0.0,0.0,-8.88116156883001e-06
1771787224041844844,0.1255265906170546,0.0,0.0,0.0,0.0,-7.037889524497132e-06
1771787224058127403,0.12065824854020701,0.0,0.0,0.0,0.0,4.288300573307424e-06
1771787224075103521,0.11834166631578022,0.0,0.0,0.0,0.0,5.3641616268862435e-06
1771787224091628551,0.11606943063404455,0.0,0.0,0.0,0.0,4.912232540732475e-07
1771787224108428955,0.11384096838074162,0.0,0.0,0.0,0.0,2.785506532099191e-06
1771787224125036478,0.11165513606516494,0.0,0.0,0.0,0.0,-2.8967785796751855e-06
1771787224141586542,0.10951136057291737,0.0,0.0,0.0,0.0,-1.4515982549312412e-06
1771787224158215522,0.1074087845143286,0.0,0.0,0.0,0.0,-8.588758451111289e-06
1771787224174873590,0.10534654867393844,0.0,0.0,0.0,0.0,-7.244560977781589e-06
1771787224191513061,0.10332379474922941,0.0,0.0,0.0,0.0,-1.676369443259773e-08
1771787224208206892,0.10134023755231021,0.0,0.0,0.0,0.0,-2.0383625507491843e-06
1771787224224809885,0.09939444566611816,0.0,0.0,0.0,0.0,3.1342167208237015e-06
1771787224241422891,0.09748613390258318,0.0,0.0,0.0,0.0,-1.7391007860467766e-06
1771787224258304119,0.09561415694558499,0.0,0.0,0.0,0.0,4.700574143257086e-07
1771787224274924516,0.09377851570799517,0.0,0.0,0.0,0.0,-8.121628146007254e-06
1771787224291746139,0.09197806396072387,0.0,0.0,0.0,0.0,1.036774914986438e-05
1771787224308226346,0.09021194613959047,0.0,0.0,0.0,0.0,-4.104877437960397e-06
1771787224324791908,0.08847987340565149,0.0,0.0,0.0,0.0,9.1058870870242e-06
1771787224341547012,0.08678098928175142,0.0,0.0,0.0,0.0,1.0375310735888377e-05
1771787224358181476,0.08511500766694811,0.0,0.0,0.0,0.0,-2.50799161438664e-06
1771787224375140428,0.08348078324541937,0.0,0.0,0.0,0.0,-7.131015218320158e-06
1771787224391319990,0.08187774381526063,0.0,0.0,0.0,0.0,-3.213230766796471e-06
1771787224408194541,0.08030588937659999,0.0,0.0,0.0,0.0,6.8072412879871536e-06
1771787224424785375,0.07876379033788136,0.0,0.0,0.0,0.0,1.2279406984561092e-06
1771787224441722869,0.07722197740004048,0.0,0.0,0.0,0.0,-3.0156211021648005e-06
1771787224458404064,0.07422704369731171,0.0,0.0,0.0,0.0,-1.2273125289397058e-05
1771787224474879741,0.07280196081445725,0.0,0.0,0.0,0.0,-8.498545062352036e-06
1771787224491289854,0.07140405751126809,0.0,0.0,0.0,0.0,1.2279795766900747e-06
1771787224508269071,0.07003304859981953,0.0,0.0,0.0,0.0,-5.821773151559739e-06
1771787224525012731,0.06868864706634888,0.0,0.0,0.0,0.0,-4.302316212623225e-06
1771787224541413068,0.06736970850750655,0.0,0.0,0.0,0.0,3.0274435784960474e-06
1771787224558402061,0.06607623383621514,0.0,0.0,0.0,0.0,-7.956017311627761e-06
1771787224575151205,0.06480764902510766,0.0,0.0,0.0,0.0,1.4469751183909807e-05
1771787224591517448,0.06356338461074536,0.0,0.0,0.0,0.0,-1.0342068489599399e-05
1771787224608465194,0.062342865653182186,0.0,0.0,0.0,0.0,1.613004386058492e-06
1771787224624788522,0.061145807877363414,0.0,0.0,0.0,0.0,-8.175744750538172e-06
1771787224641606569,0.0,0.0,0.0,0.0,0.0,0.0
1771787224649222612,0.0,0.0,0.0,0.0,0.0,2.0
1771787224666289806,0.0,0.0,0.0,0.0,0.0,2.0
1771787224682739734,0.0,0.0,0.0,0.0,0.0,2.0
1771787224699603557,0.0,0.0,0.0,0.0,0.0,2.0
1771787224716108798,0.0,0.0,0.0,0.0,0.0,2.0
1771787224732757568,0.0,0.0,0.0,0.0,0.0,2.0
1771787224749342203,0.0,0.0,0.0,0.0,0.0,2.0
1771787224766159534,0.0,0.0,0.0,0.0,0.0,2.0
1771787224782878160,0.0,0.0,0.0,0.0,0.0,2.0
1771787224799446105,0.0,0.0,0.0,0.0,0.0,2.0
1771787224816050291,0.0,0.0,0.0,0.0,0.0,2.0
1771787224832584142,0.0,0.0,0.0,0.0,0.0,2.0
1771787224849275350,0.0,0.0,0.0,0.0,0.0,2.0
1771787224866151094,0.0,0.0,0.0,0.0,0.0,2.0
1771787224882738113,0.0,0.0,0.0,0.0,0.0,2.0
1771787224899536848,0.0,0.0,0.0,0.0,0.0,2.0
1771787224915966510,0.0,0.0,0.0,0.0,0.0,2.0
1771787224932979106,0.0,0.0,0.0,0.0,0.0,2.0
1771787224949602365,0.0,0.0,0.0,0.0,0.0,2.0
1771787224966210365,0.0,0.0,0.0,0.0,0.0,2.0
1771787224982894659,0.0,0.0,0.0,0.0,0.0,2.0
1771787224999670505,0.0,0.0,0.0,0.0,0.0,2.0
1771787225016407489,0.0,0.0,0.0,0.0,0.0,2.0
1771787225033039093,0.0,0.0,0.0,0.0,0.0,2.0
1771787225049960374,0.0,0.0,0.0,0.0,0.0,2.0
1771787225066097974,0.0,0.0,0.0,0.0,0.0,2.0
1771787225082733154,0.0,0.0,0.0,0.0,0.0,2.0
1771787225099560499,0.0,0.0,0.0,0.0,0.0,2.0
1771787225116334438,0.0,0.0,0.0,0.0,0.0,2.0
1771787225132596731,0.0,0.0,0.0,0.0,0.0,2.0
1771787225149410724,0.0,0.0,0.0,0.0,0.0,2.0
1771787225166138887,0.0,0.0,0.0,0.0,0.0,2.0
1771787225182780742,0.0,0.0,0.0,0.0,0.0,2.0
1771787225199525594,0.0,0.0,0.0,0.0,0.0,2.0
1771787225216288805,0.0,0.0,0.0,0.0,0.0,2.0
1771787225232865571,0.0,0.0,0.0,0.0,0.0,2.0
1771787225249623060,0.0,0.0,0.0,0.0,0.0,2.0
1771787225266299486,0.0,0.0,0.0,0.0,0.0,2.0
1771787225282837390,0.0,0.0,0.0,0.0,0.0,2.0
1771787225299775600,0.0,0.0,0.0,0.0,0.0,2.0
1771787225316175699,0.0,0.0,0.0,0.0,0.0,2.0
1771787225333062171,0.0,0.0,0.0,0.0,0.0,2.0
1771787225349731683,0.0,0.0,0.0,0.0,0.0,2.0
1771787225366201162,0.0,0.0,0.0,0.0,0.0,2.0
1771787225382873535,0.0,0.0,0.0,0.0,0.0,2.0
1771787225399763107,0.0,0.0,0.0,0.0,0.0,2.0
1771787225416211605,0.0,0.0,0.0,0.0,0.0,2.0
1771787225432871103,0.0,0.0,0.0,0.0,0.0,2.0
1771787225449603319,0.0,0.0,0.0,0.0,0.0,2.0
1771787225466078042,0.0,0.0,0.0,0.0,0.0,2.0
1771787225482767343,0.0,0.0,0.0,0.0,0.0,2.0
1771787225499564647,0.0,0.0,0.0,0.0,0.0,2.0
1771787225516216516,0.0,0.0,0.0,0.0,0.0,2.0
1771787225532777547,0.0,0.0,0.0,0.0,0.0,2.0
1771787225549754381,0.0,0.0,0.0,0.0,0.0,2.0
1771787225566103219,0.0,0.0,0.0,0.0,0.0,2.0
1771787225582895040,0.0,0.0,0.0,0.0,0.0,2.0
1771787225599422931,0.0,0.0,0.0,0.0,0.0,2.0
1771787225616179704,0.0,0.0,0.0,0.0,0.0,2.0
1771787225633004903,0.0,0.0,0.0,0.0,0.0,2.0
1771787225649396657,0.0,0.0,0.0,0.0,0.0,2.0
1771787225666398286,0.0,0.0,0.0,0.0,0.0,1.9761167026239508
1771787225682764053,0.0,0.0,0.0,0.0,0.0,1.7864094234186285
1771787225699428796,0.0,0.0,0.0,0.0,0.0,1.6149139857965582
1771787225716117620,1.2,0.0,0.0,0.0,0.0,1.4598823047357672
1771787225732622623,1.2,0.0,0.0,0.0,0.0,1.3298210734361116
1771787225749426126,1.2,0.0,0.0,0.0,0.0,1.2114300349648577
1771787225766139030,1.2,0.0,0.0,0.0,0.0,1.1036541209588795
1771787225782676935,1.2,0.0,0.0,0.0,0.0,1.005533569449406
1771787225799317836,1.2,0.0,0.0,0.0,0.0,0.916198740730046
1771787225816308736,1.2,0.0,0.0,0.0,0.0,0.8348564027184631
1771787225833060264,1.2,0.0,0.0,0.0,0.0,0.7529166553384521
1771787225849407672,1.2,0.0,0.0,0.0,0.0,0.6109187280439117
1771787225866434812,1.2,0.0,0.0,0.0,0.0,0.5568331134067039
1771787225882977247,1.2,0.0,0.0,0.0,0.0,0.5075713838128462
1771787225899655103,1.2,0.0,0.0,0.0,0.0,0.46270103722265477
1771787225916130065,1.2,0.0,0.0,0.0,0.0,0.42182722865731903
1771787225932929992,1.2,0.0,0.0,0.0,0.0,0.3845917525638869
1771787225949537277,1.2,0.0,0.0,0.0,0.0,0.3506699567549443
1771787225966385841,1.2,0.0,0.0,0.0,0.0,0.3197633651809304
1771787225982763767,1.2,0.0,0.0,0.0,0.0,0.29160372469715856
1771787225999461412,1.2,0.0,0.0,0.0,0.0,0.2659440390165808
1771787226016194105,1.2,0.0,0.0,0.0,0.0,0.24256150064656734
1771787226032866239,1.2,0.0,0.0,0.0,0.0,0.22125300333626696
1771787226049448966,1.2,0.0,0.0,0.0,0.0,0.20183195083929806
1771787226066155195,1.2,0.0,0.0,0.0,0.0,0.18413154065268267
1771787226082797527,1.2,0.0,0.0,0.0,0.0,0.16799756691684786
1771787226099579811,1.2,0.0,0.0,0.0,0.0,0.15329065674235687
1771787226116073846,1.2,0.0,0.0,0.0,0.0,0.1398835488600283
1771787226132650136,1.2,0.0,0.0,0.0,0.0,0.12766006465033808
1771787226149512290,1.2,0.0,0.0,0.0,0.0,0.11651587139496611
1771787226166118383,1.2,0.0,0.0,0.0,0.0,0.10635387794743512
1771787226182884931,1.2,0.0,0.0,0.0,0.0,0.09708692323058532
1771787226199542999,1.2,0.0,0.0,0.0,0.0,0.08863689739488567
1771787226216215848,1.2,0.0,0.0,0.0,0.0,0.08092995544371862
1771787226232893705,1.2,0.0,0.0,0.0,0.0,0.07315257710245637
1771787226249475240,1.2,0.0,0.0,0.0,0.0,0.059638469113769244
1771787226266165018,1.2,0.0,0.0,0.0,0.0,0.054474817441509504
1771787226282778024,1.2,0.0,0.0,0.0,0.0,0.04976426504313092
1771787226299374103,1.2,0.0,0.0,0.0,0.0,0.04546666766411489
1771787226316157579,1.2,0.0,0.0,0.0,0.0,0.0415441001011716
1771787226332761287,1.2,0.0,0.0,0.0,0.0,0.03796474458560195
1771787226349586009,1.2,0.0,0.0,0.0,0.0,0.03469749292474611
1771787226366086244,1.2,0.0,0.0,0.0,0.0,0.03171534975884116
1771787226382902622,1.2,0.0,0.0,0.0,0.0,0.028993377761651118
1771787226399466753,1.2,0.0,0.0,0.0,0.0,0.026508406209454938
1771787226416339397,1.2,0.0,0.0,0.0,0.0,0.024239136018149532
1771787226432804346,1.2,0.0,0.0,0.0,0.0,0.022167440712647313
1771787226449572324,1.2,0.0,0.0,0.0,0.0,0.020275420782740916
1771787226465988397,1.2,0.0,0.0,0.0,0.0,0.01854782546929079
1771787226482895851,1.2,0.0,0.0,0.0,0.0,0.016968837708097873
1771787226499553442,1.2,0.0,0.0,0.0,0.0,0.015527756031414208
1771787226516198635,1.2,0.0,0.0,0.0,0.0,0.014210183835380086
1771787226532936334,1.2,0.0,0.0,0.0,0.0,0.013006695664649959
1771787226549514532,1.2,0.0,0.0,0.0,0.0,0.011907801804254659
1771787226566163301,1.2,0.0,0.0,0.0,0.0,0.010902330686597184
1771787226582842350,1.2,0.0,0.0,0.0,0.0,0.009984348816371114
1771787226599627971,1.2,0.0,0.0,0.0,0.0,0.009144176503842694
1771787226616105318,1.2,0.0,0.0,0.0,0.0,0.008377098296268315
1771787226632875204,1.2,0.0,0.0,0.0,0.0,0.007674918027571476
1771787226649349689,1.2,0.0,0.0,0.0,0.0,0.006314428364913471
1771787226666097640,1.2,0.0,0.0,0.0,0.0,0.005788956562502889
1771787226682767868,1.2,0.0,0.0,0.0,0.0,0.005308681913446911
1771787226699485301,1.2,0.0,0.0,0.0,0.0,0.004868315583209215
1771787226716097354,1.2,0.0,0.0,0.0,0.0,0.004465991418539206
1771787226732680082,1.2,0.0,0.0,0.0,0.0,0.004097926535041152
1771787226749484300,1.2,0.0,0.0,0.0,0.0,0.00375991934357911
1771787226766149044,1.2,0.0,0.0,0.0,0.0,0.0034520986987713886
1771787226782724142,1.2,0.0,0.0,0.0,0.0,0.0031694966625963605
1771787226799423456,1.2,0.0,0.0,0.0,0.0,0.002910118423183672
1771787226816228628,1.2,0.0,0.0,0.0,0.0,0.002673952114338629
1771787226832875251,1.2,0.0,0.0,0.0,0.0,0.0024563983356480357
1771787226849446773,1.2,0.0,0.0,0.0,0.0,0.002257893946842282
1771787226866389751,1.2,0.0,0.0,0.0,0.0,0.0020754972992527154
1771787226883008241,1.2,0.0,0.0,0.0,0.0,0.0019090860594279668
1771787226899488210,1.2,0.0,0.0,0.0,0.0,0.0017562045789307756
1771787226916186094,1.2,0.0,0.0,0.0,0.0,0.001614951515835239
1771787226932800769,1.2,0.0,0.0,0.0,0.0,0.0014876836686990025
1771787226949401855,1.2,0.0,0.0,0.0,0.0,0.001369330909060329
1771787226966224908,1.2,0.0,0.0,0.0,0.0,0.0012617216633628026
1771787226983127832,1.1955400295588043,0.0,0.0,0.0,0.0,0.0011619979296546568
1771787226999786138,1.1725856574370237,0.0,0.0,0.0,0.0,0.001071993936049287
1771787227016584157,1.1500719091848484,0.0,0.0,0.0,0.0,0.000987043753408967
1771787227032852411,1.127558361928359,0.0,0.0,0.0,0.0,0.0009020883768680044
1771787227049872875,1.1054769445390724,0.0,0.0,0.0,0.0,0.000823636800977745
1771787227066114187,1.062602811929534,0.0,0.0,0.0,0.0,0.0006861112326290719
1771787227082781076,1.0422007562575877,0.0,0.0,0.0,0.0,0.0006326853231859442
1771787227099503040,1.0221905713106365,0.0,0.0,0.0,0.0,0.0005828364189162105
1771787227116117000,1.002564368682927,0.0,0.0,0.0,0.0,0.0005379844689687996
1771787227132617473,0.9833152675172945,0.0,0.0,0.0,0.0,0.0004952056048037612
1771787227149354934,0.9644355830280391,0.0,0.0,0.0,0.0,0.0004568280587167184
1771787227166153669,0.9459184343574313,0.0,0.0,0.0,0.0,0.00042022955003973017
1771787227182848691,0.927756742303784,0.0,0.0,0.0,0.0,0.00038690077562675285
1771787227199554204,0.9099438322678117,0.0,0.0,0.0,0.0,0.00035807854376623816
1771787227216251850,0.8924728207510427,0.0,0.0,0.0,0.0,0.00032833408679611154
1771787227232846021,0.8753372394140716,0.0,0.0,0.0,0.0,0.0003032716936173241
1771787227249452829,0.8585310166000903,0.0,0.0,0.0,0.0,0.0002800844702033345
1771787227266159296,0.8420470704685957,0.0,0.0,0.0,0.0,0.0002569005898858112
1771787227283001422,0.8258797392444371,0.0,0.0,0.0,0.0,0.0002375318000791271
1771787227299559116,0.8100229512696259,0.0,0.0,0.0,0.0,0.00021898934345165877
1771787227316252708,0.7944704365472706,0.0,0.0,0.0,0.0,0.00020231133382098143
1771787227332857131,0.7792167316413158,0.0,0.0,0.0,0.0,0.0001865931320961245
1771787227349606513,0.7642557675347721,0.0,0.0,0.0,0.0,0.0001717344529963416
1771787227366248846,0.7495818798118767,0.0,0.0,0.0,0.0,0.00015763605541097014
1771787227383037805,0.7351900122799598,0.0,0.0,0.0,0.0,0.00014691189317805886
1771787227399561643,0.7210742942588164,0.0,0.0,0.0,0.0,0.00013420556409915463
1771787227416295766,0.7072296721985938,0.0,0.0,0.0,0.0,0.00012476177408249356
1771787227433031082,0.6933852511175498,0.0,0.0,0.0,0.0,0.00011369300493191403
1771787227450721025,0.666493303885631,0.0,0.0,0.0,0.0,9.330290110987072e-05
1771787227466326236,0.6536966436404147,0.0,0.0,0.0,0.0,8.853111103546141e-05
1771787227482787609,0.6411455841995225,0.0,0.0,0.0,0.0,8.062383963514108e-05
1771787227499398469,0.6288356775942333,0.0,0.0,0.0,0.0,7.386669135689417e-05
1771787227516208171,0.6167620686112806,0.0,0.0,0.0,0.0,6.85930414681124e-05
1771787227532727003,0.6049201030160118,0.0,0.0,0.0,0.0,6.31417295122727e-05
1771787227549739599,0.5933057347973095,0.0,0.0,0.0,0.0,5.73678844082437e-05
1771787227566072463,0.5819143123644428,0.0,0.0,0.0,0.0,5.3987431509971984e-05
1771787227583009243,0.5707413824612043,0.0,0.0,0.0,0.0,4.8435634227406155e-05
1771787227599525928,0.5597833063217275,0.0,0.0,0.0,0.0,4.588968987206954e-05
1771787227616063594,0.5490354270670668,0.0,0.0,0.0,0.0,3.982662678914117e-05
1771787227633005142,0.5384939049529519,0.0,0.0,0.0,0.0,3.7058561713321225e-05
1771787227649536371,0.528154894946855,0.0,0.0,0.0,0.0,3.574721222632249e-05
1771787227666065454,0.5180143483934276,0.0,0.0,0.0,0.0,3.1575673727690656e-05
1771787227682874441,0.5080684255486531,0.0,0.0,0.0,0.0,3.1458554187624443e-05
1771787227699628114,0.4983134797138429,0.0,0.0,0.0,0.0,2.653594768387002e-05
1771787227716385126,0.48874587476786874,0.0,0.0,0.0,0.0,2.636962423352429e-05
1771787227733021020,0.47936196401193354,0.0,0.0,0.0,0.0,2.1768315492165513e-05
1771787227749811410,0.4701583123033142,0.0,0.0,0.0,0.0,2.0837008779084343e-05
1771787227766607761,0.4611310746093267,0.0,0.0,0.0,0.0,2.037341367611134e-05
1771787227783201456,0.4522776197005373,0.0,0.0,0.0,0.0,1.8326907432975048e-05
1771787227800156593,0.44359370058763675,0.0,0.0,0.0,0.0,1.84297177392434e-05
1771787227816277265,0.435076686041157,0.0,0.0,0.0,0.0,1.7140261169057425e-05
1771787227832827329,0.42655967149468044,0.0,0.0,0.0,0.0,1.5870718757193814e-05
1771787227850090503,0.4182063247057813,0.0,0.0,0.0,0.0,1.3785799675813948e-05
1771787227866202116,0.40198679201260396,0.0,0.0,0.0,0.0,1.1079695251270394e-05
1771787227882862329,0.39426869540113413,0.0,0.0,0.0,0.0,8.072836025663221e-06
1771787227899375677,0.3866986907271322,0.0,0.0,0.0,0.0,9.162257287531617e-06
1771787227916060209,0.3792739431382251,0.0,0.0,0.0,0.0,8.104322010149545e-06
1771787227933016777,0.3719918240495876,0.0,0.0,0.0,0.0,7.953461803822393e-06
1771787227949717521,0.3648497022316967,0.0,0.0,0.0,0.0,6.455442201458439e-06
1771787227966258764,0.35784454449865105,0.0,0.0,0.0,0.0,6.8760203397744135e-06
1771787227983006715,0.35097412422202295,0.0,0.0,0.0,0.0,6.476683050538057e-06
1771787227999539613,0.34423520459299667,0.0,0.0,0.0,0.0,4.840491947266656e-06
1771787228016180276,0.3376259662289936,0.0,0.0,0.0,0.0,6.43773213937493e-06
1771787228032921552,0.3311435742775309,0.0,0.0,0.0,0.0,3.727560320410106e-06
1771787228049615144,0.3247856037767707,0.0,0.0,0.0,0.0,4.958659319820313e-06
1771787228066234350,0.31854962447534035,0.0,0.0,0.0,0.0,2.6642431900647523e-06
1771787228082983255,0.31243361601248687,0.0,0.0,0.0,0.0,4.6593794229554675e-06
1771787228099342346,0.3064347435357333,0.0,0.0,0.0,0.0,3.638609342493382e-06
1771787228116318225,0.3005511876625156,0.0,0.0,0.0,0.0,3.6982836852939016e-06
1771787228132837533,0.29478072176438613,0.0,0.0,0.0,0.0,1.081051905993391e-06
1771787228149323463,0.28912092087950714,0.0,0.0,0.0,0.0,4.355054010751758e-06
1771787228166246175,0.2835697593576202,0.0,0.0,0.0,0.0,5.587794623007625e-06
1771787228182948827,0.27812521419314423,0.0,0.0,0.0,0.0,4.940486812987643e-06
1771787228199700832,0.2727852623805877,0.0,0.0,0.0,0.0,2.2341429719574535e-06
1771787228216238260,0.26754767993636047,0.0,0.0,0.0,0.0,3.3050755012808963e-06
1771787228232937097,0.2623102984702615,0.0,0.0,0.0,0.0,-5.964602092234372e-07
1771787228249759912,0.2571732633669506,0.0,0.0,0.0,0.0,-1.064024405916797e-06
1771787228266177654,0.24719942040164763,0.0,0.0,0.0,0.0,5.321294471727356e-07
1771787228282869815,0.2424530448530619,0.0,0.0,0.0,0.0,2.3293797470902433e-06
1771787228299503803,0.237797910820098,0.0,0.0,0.0,0.0,4.104385540104616e-06
1771787228316136360,0.2332321962752948,0.0,0.0,0.0,0.0,1.3343055467185394e-06
1771787228332888126,0.22875408183620544,0.0,0.0,0.0,0.0,-6.319066103710469e-07
1771787228349487781,0.22436194909839566,0.0,0.0,0.0,0.0,-7.46071189494657e-07
1771787228366043806,0.22005417965744922,0.0,0.0,0.0,0.0,2.760013531055705e-07
1771787228383069515,0.21582935608713646,0.0,0.0,0.0,0.0,-2.4863591925328166e-06
1771787228399928569,0.2116854580267065,0.0,0.0,0.0,0.0,2.5862275974120053e-06
1771787228416370868,0.20762106540511444,0.0,0.0,0.0,0.0,-1.3141525940785215e-06
1771787228432866096,0.20363476608575448,0.0,0.0,0.0,0.0,3.434500350119052e-06
1771787228449608087,0.1997247353963748,0.0,0.0,0.0,0.0,-8.875842401057099e-07
1771787228466247797,0.19589016677966262,0.0,0.0,0.0,0.0,-1.5276143183751145e-06
1771787228482833385,0.19212903723007996,0.0,0.0,0.0,0.0,2.1272013936979306e-06
1771787228499597311,0.18844013029952664,0.0,0.0,0.0,0.0,-3.3940709343038833e-06
1771787228516230106,0.1848222348294884,0.0,0.0,0.0,0.0,-3.7691925507399304e-06
1771787228532899141,0.18127373241551056,0.0,0.0,0.0,0.0,9.029005609839658e-07
1771787228549577713,0.17779320563145753,0.0,0.0,0.0,0.0,4.047151644481772e-06
1771787228566467761,0.17437964165204653,0.0,0.0,0.0,0.0,-1.1433448114939182e-06
1771787228582972764,0.1710314247177557,0.0,0.0,0.0,0.0,1.3962535594380654e-07
1771787228599662780,0.167747542003412,0.0,0.0,0.0,0.0,9.03798687890145e-07
1771787228616308927,0.1645267797057065,0.0,0.0,0.0,0.0,1.4065751796632497e-06
1771787228632939338,0.16136792402133487,0.0,0.0,0.0,0.0,1.569114656208015e-06
1771787228649779796,0.15820906833696446,0.0,0.0,0.0,0.0,2.1100536751195165e-06
1771787228666150808,0.1520732317753609,0.0,0.0,0.0,0.0,-4.099102445476177e-06
1771787228682847976,0.14915350592116036,0.0,0.0,0.0,0.0,-1.048927779301323e-06
1771787228699425458,0.1462896176638197,0.0,0.0,0.0,0.0,3.375311127262748e-06
1771787228716269254,0.14348095877918918,0.0,0.0,0.0,0.0,1.3360282673513524e-06
1771787228732891559,0.14072611448588354,0.0,0.0,0.0,0.0,1.1108853030794563e-06
1771787228749402046,0.13802407195875582,0.0,0.0,0.0,0.0,-4.9616613837510926e-06
1771787228766324043,0.13537402464030995,0.0,0.0,0.0,0.0,9.208725475495783e-07
1771787228782881736,0.1327747560825379,0.0,0.0,0.0,0.0,8.062322889301754e-07
1771787228799867153,0.13022545708324332,0.0,0.0,0.0,0.0,-5.041828494700695e-06
1771787228816190719,0.12772532108491483,0.0,0.0,0.0,0.0,2.6527209395776907e-06
1771787228832966089,0.12527292801662324,0.0,0.0,0.0,0.0,-5.026414657161027e-06
1771787228849517583,0.12286767494380006,0.0,0.0,0.0,0.0,2.670149985783965e-06
1771787228866447448,0.12050854639662413,0.0,0.0,0.0,0.0,-5.442750504958127e-06
1771787228882915735,0.11819493944048254,0.0,0.0,0.0,0.0,2.9170755937446557e-06
1771787228899382114,0.11592543400448146,0.0,0.0,0.0,0.0,-4.415347827357863e-06
1771787228916022539,0.11369962813222959,0.0,0.0,0.0,0.0,-5.028670790441225e-06
1771787228932716608,0.11151671262146952,0.0,0.0,0.0,0.0,1.0070853677657254e-06
1771787228949563503,0.10937567464717565,0.0,0.0,0.0,0.0,2.9909832690577787e-06
1771787228966241359,0.10727570500707613,0.0,0.0,0.0,0.0,9.95359786593042e-07
1771787228982738018,0.10521579352089633,0.0,0.0,0.0,0.0,7.4338511992788625e-06
1771787228999773502,0.10319573656562948,0.0,0.0,0.0,0.0,1.0024508146910804e-05
1771787229016497135,0.101214521315894,0.0,0.0,0.0,0.0,-2.66683068628204e-06
1771787229032980918,0.09927093661355743,0.0,0.0,0.0,0.0,-4.798384605653183e-06
1771787229049864530,0.09542180235716334,0.0,0.0,0.0,0.0,4.4639686880287854e-07
1771787229066336154,0.09358948824733662,0.0,0.0,0.0,0.0,3.097505654636734e-06
1771787229082754373,0.09179257805628864,0.0,0.0,0.0,0.0,3.5912588483011376e-06
1771787229099575519,0.09003026258180695,0.0,0.0,0.0,0.0,2.5290654577236893e-06
1771787229116095066,0.08830173262169805,0.0,0.0,0.0,0.0,1.7802373508679636e-07
1771787229132757902,0.08660617897377626,0.0,0.0,0.0,0.0,-2.8126369846503962e-06
1771787229149458169,0.08494340065995665,0.0,0.0,0.0,0.0,7.883796518282082e-06
1771787229166468620,0.08331258583301093,0.0,0.0,0.0,0.0,2.8654373207537276e-06
1771787229182899713,0.08171312891387782,0.0,0.0,0.0,0.0,-2.163175261582495e-06
1771787229199464082,0.08014401972229271,0.0,0.0,0.0,0.0,8.779259293545394e-06
1771787229216166257,0.07860525561313299,0.0,0.0,0.0,0.0,3.5648032112867156e-06
1771787229232858657,0.07709623100737666,0.0,0.0,0.0,0.0,-4.850090715713407e-07
1771787229249813556,0.07561573210170545,0.0,0.0,0.0,0.0,-2.709348657425892e-06
1771787229266205787,0.07416416349720219,0.0,0.0,0.0,0.0,-4.325590795550838e-06
1771787229282996654,0.07273990678944683,0.0,0.0,0.0,0.0,-3.6861610583915905e-06
1771787229299582242,0.07134336657954425,0.0,0.0,0.0,0.0,-1.2577683115022609e-06
1771787229316142320,0.06997373366531807,0.0,0.0,0.0,0.0,3.5178536623714507e-06
1771787229333015203,0.06863019884463667,0.0,0.0,0.0,0.0,1.0523362342862441e-05
1771787229349595785,0.06731255849421225,0.0,0.0,0.0,0.0,2.012142072294054e-06
1771787229366574764,0.06602020703513263,0.0,0.0,0.0,0.0,-2.7170585774616285e-06
1771787229383265018,0.06475233526511616,0.0,0.0,0.0,0.0,-2.9853676744018287e-06
1771787229399655103,0.06350934778525061,0.0,0.0,0.0,0.0,4.671272841871854e-07
1771787229416317224,0.0622898271693239,0.0,0.0,0.0,0.0,-1.109267502119593e-05
1771787229433090925,0.06107051017622565,0.0,0.0,0.0,0.0,-3.3685678220152226e-06
1771787229450681447,0.0,0.0,0.0,0.0,0.0,0.0
1771787229464929819,0.0,0.0,0.0,0.0,0.0,2.0
1771787229481826305,0.0,0.0,0.0,0.0,0.0,2.0
1771787229498550176,0.0,0.0,0.0,0.0,0.0,2.0
1771787229515150308,0.0,0.0,0.0,0.0,0.0,2.0
1771787229532084465,0.0,0.0,0.0,0.0,0.0,2.0
1771787229548418521,0.0,0.0,0.0,0.0,0.0,2.0
1771787229565106630,0.0,0.0,0.0,0.0,0.0,2.0
1771787229581869125,0.0,0.0,0.0,0.0,0.0,2.0
1771787229598610639,0.0,0.0,0.0,0.0,0.0,2.0
1771787229615206241,0.0,0.0,0.0,0.0,0.0,2.0
1771787229631817579,0.0,0.0,0.0,0.0,0.0,2.0
1771787229648502826,0.0,0.0,0.0,0.0,0.0,2.0
1771787229665305852,0.0,0.0,0.0,0.0,0.0,2.0
1771787229681905984,0.0,0.0,0.0,0.0,0.0,2.0
1771787229698639154,0.0,0.0,0.0,0.0,0.0,1.8182375891427345
1771787229715240478,0.0,0.0,0.0,0.0,0.0,1.6436867578248329
1771787229731946706,1.2,0.0,0.0,0.0,0.0,1.4858927591065711
1771787229748512744,1.2,0.0,0.0,0.0,0.0,1.3642685374126116
1771787229765249490,1.2,0.0,0.0,0.0,0.0,1.2529291762138972
1771787229781915664,1.2,0.0,0.0,0.0,0.0,1.1509856615343121
1771787229798593759,1.2,0.0,0.0,0.0,0.0,1.0576262417302793
1771787229815169095,1.2,0.0,0.0,0.0,0.0,0.9721135487147146
1771787229832380771,1.2,0.0,0.0,0.0,0.0,0.8937740769605201
1771787229848603963,1.2,0.0,0.0,0.0,0.0,0.814341854592018
1771787229865451335,1.2,0.0,0.0,0.0,0.0,0.675168533584518
1771787229881858587,1.2,0.0,0.0,0.0,0.0,0.6215387805915132
1771787229898560047,1.2,0.0,0.0,0.0,0.0,0.5723625389524212
1771787229915173292,1.2,0.0,0.0,0.0,0.0,0.5272633136478143
1771787229931851625,1.1861338450281207,0.0,0.0,0.0,0.0,0.48589516344791295
1771787229948547840,1.1634221365490707,0.0,0.0,0.0,0.0,0.44783917278575314
1771787229965769290,1.1411363140066517,0.0,0.0,0.0,0.0,0.41276593475634715
1771787229982399225,1.1192695737910137,0.0,0.0,0.0,0.0,0.38043993179845476
1771787229998871564,1.0978157995947366,0.0,0.0,0.0,0.0,0.35064613484936724
1771787230015497207,1.076767249993551,0.0,0.0,0.0,0.0,0.32318605607355444
1771787230031926155,1.0561185468888012,0.0,0.0,0.0,0.0,0.29787702211950684
1771787230048706293,1.0358620821230324,0.0,0.0,0.0,0.0,0.27455027354581557
1771787230065485715,1.015990867977255,0.0,0.0,0.0,0.0,0.2530507191100403
1771787230082107067,0.9964979540334613,0.0,0.0,0.0,0.0,0.23323522911198083
1771787230098544836,0.9773775619303693,0.0,0.0,0.0,0.0,0.21497086748948485
1771787230115458488,0.9586216522162885,0.0,0.0,0.0,0.0,0.19813731902835985
1771787230131937503,0.9402244898049511,0.0,0.0,0.0,0.0,0.18262243226392066
1771787230148570537,0.9221792050285924,0.0,0.0,0.0,0.0,0.16832119755316205
1771787230165347814,0.9044789485235134,0.0,0.0,0.0,0.0,0.15514120572920945
1771787230182004928,0.8871180125067804,0.0,0.0,0.0,0.0,0.14299269123471736
1771787230199014186,0.8700895565002718,0.0,0.0,0.0,0.0,0.1317957267624127
1771787230215359926,0.8533867401489014,0.0,0.0,0.0,0.0,0.12147514278410868
1771787230232004880,0.8370050190014328,0.0,0.0,0.0,0.0,0.11196353230447065
1771787230248623132,0.8209364093509733,0.0,0.0,0.0,0.0,0.10319594978004558
1771787230265275955,0.8048679495982151,0.0,0.0,0.0,0.0,0.09429414137813735
1771787230282017230,0.7736555814292952,0.0,0.0,0.0,0.0,0.07855818356986874
1771787230298450231,0.7588024508035892,0.0,0.0,0.0,0.0,0.07240690482104965
1771787230315277338,0.7442345559495226,0.0,0.0,0.0,0.0,0.06673685314142658
1771787230331871986,0.7299456310987791,0.0,0.0,0.0,0.0,0.06151122981130712
1771787230348417758,0.715931123529678,0.0,0.0,0.0,0.0,0.0566951464837981
1771787230365198850,0.7021859046637027,0.0,0.0,0.0,0.0,0.052255556739090686
1771787230381958723,0.6887042752864653,0.0,0.0,0.0,0.0,0.0481634591509107
1771787230398624658,0.6754816788466438,0.0,0.0,0.0,0.0,0.04439192657657858
1771787230415231943,0.6625129849307124,0.0,0.0,0.0,0.0,0.040916151896888464
1771787230431844711,0.6497924890651577,0.0,0.0,0.0,0.0,0.037713161761642765
1771787230448488473,0.6373167700987074,0.0,0.0,0.0,0.0,0.03475965693193197
1771787230465170621,0.6250806969480712,0.0,0.0,0.0,0.0,0.03203804340589215
1771787230481915950,0.6130791303837396,0.0,0.0,0.0,0.0,0.029528865115339115
1771787230498520374,0.6013080786501015,0.0,0.0,0.0,0.0,0.02721610934687848
1771787230515154838,0.5897629782867102,0.0,0.0,0.0,0.0,0.02508585722022448
1771787230531909465,0.5784398294079434,0.0,0.0,0.0,0.0,0.02312149414106885
1771787230548608541,0.5673340661431142,0.0,0.0,0.0,0.0,0.021311312847205978
1771787230565214395,0.5564411169256802,0.0,0.0,0.0,0.0,0.019642074111741917
1771787230581747770,0.5457575574720965,0.0,0.0,0.0,0.0,0.018103350996040157
1771787230598535060,0.5352788194958681,0.0,0.0,0.0,0.0,0.016686296285474918
1771787230615192174,0.5250014730313712,0.0,0.0,0.0,0.0,0.015379762296055768
1771787230631744861,0.5149215191014268,0.0,0.0,0.0,0.0,0.014175568112492966
1771787230648506879,0.5050349558160995,0.0,0.0,0.0,0.0,0.013064886746263625
1771787230665388584,0.4951489203817268,0.0,0.0,0.0,0.0,0.011938054038887494
1771787230681957721,0.47594503014588996,0.0,0.0,0.0,0.0,0.009946846516887493
1771787230698473453,0.4668068916992897,0.0,0.0,0.0,0.0,0.009166752310073134
1771787230715120077,0.45784442957288146,0.0,0.0,0.0,0.0,0.008449809999002696
1771787230731913805,0.4490536361066414,0.0,0.0,0.0,0.0,0.007788256704953464
1771787230748486518,0.44043222593568726,0.0,0.0,0.0,0.0,0.007178437232706669
1771787230765126705,0.43197562237883436,0.0,0.0,0.0,0.0,0.0066158376218126355
1771787230781866550,0.42368154010879266,0.0,0.0,0.0,0.0,0.0060978432709264535
1771787230798542499,0.4155471186993942,0.0,0.0,0.0,0.0,0.005620328538814563
1771787230815266370,0.40756835358172333,0.0,0.0,0.0,0.0,0.005179978995417785
1771787230831854820,0.39974295946610366,0.0,0.0,0.0,0.0,0.004775495328937528
1771787230848623275,0.3920680729043174,0.0,0.0,0.0,0.0,0.004401663928694614
1771787230865267515,0.3845402614213402,0.0,0.0,0.0,0.0,0.004056087986552874
1771787230881882905,0.37715723974867077,0.0,0.0,0.0,0.0,0.0037385910923030327
1771787230898634433,0.36991614444629634,0.0,0.0,0.0,0.0,0.0034447378398893835
1771787230915191650,0.3628135461080899,0.0,0.0,0.0,0.0,0.003175351807391015
1771787230931851148,0.355847728502699,0.0,0.0,0.0,0.0,0.0029284089412558514
1771787230948575973,0.3490152530632585,0.0,0.0,0.0,0.0,0.0026978239235568094
1771787230965299367,0.3423138375998143,0.0,0.0,0.0,0.0,0.0024874046071425918
1771787230981995582,0.3357417628271513,0.0,0.0,0.0,0.0,0.0022931316945446825
1771787230998786926,0.32929559323647467,0.0,0.0,0.0,0.0,0.002111900723157388
1771787231015329122,0.3229730466503137,0.0,0.0,0.0,0.0,0.0019483024331803586
1771787231031847953,0.31677182864885917,0.0,0.0,0.0,0.0,0.001796116512929026
1771787231048774957,0.3106896509338995,0.0,0.0,0.0,0.0,0.0016549077802026357
1771787231065458774,0.3046080422367938,0.0,0.0,0.0,0.0,0.0015118758067081753
1771787231081886768,0.2927939366564953,0.0,0.0,0.0,0.0,0.0012577304827025848
1771787231098539829,0.2871724771474121,0.0,0.0,0.0,0.0,0.001161097422434157
1771787231114988565,0.2816586103180873,0.0,0.0,0.0,0.0,0.0010682322186527718
1771787231131639480,0.2762511981531915,0.0,0.0,0.0,0.0,0.0009851710691470145
1771787231148236989,0.2709468051474431,0.0,0.0,0.0,0.0,0.0009094683653495805
1771787231164988517,0.2657448561597254,0.0,0.0,0.0,0.0,0.0008373865180369769
1771787231181710243,0.2606424938917343,0.0,0.0,0.0,0.0,0.0007730707379902044
1771787231199014902,0.2556379959881072,0.0,0.0,0.0,0.0,0.0007099543218651722
1771787231215394020,0.2507296523658139,0.0,0.0,0.0,0.0,0.0006553179546553781
1771787231231923341,0.24591574373784808,0.0,0.0,0.0,0.0,0.0006059071267289079
1771787231248529195,0.24119397874341575,0.0,0.0,0.0,0.0,0.0005588541372135367
1771787231265265703,0.2365632132362036,0.0,0.0,0.0,0.0,0.0005144138959972955
1771787231281922101,0.2320211589244614,0.0,0.0,0.0,0.0,0.000473462842328444
1771787231298543930,0.22756667166238803,0.0,0.0,0.0,0.0,0.0004362684805315903
1771787231315218687,0.22319746008872396,0.0,0.0,0.0,0.0,0.00039991750612189403
1771787231331906080,0.21891181105483856,0.0,0.0,0.0,0.0,0.00036910303923738674
1771787231348518371,0.21470857734512974,0.0,0.0,0.0,0.0,0.0003400916415576341
1771787231365253925,0.21058604274113685,0.0,0.0,0.0,0.0,0.0003136661988110065
1771787231381802558,0.20654306309731463,0.0,0.0,0.0,0.0,0.000290298365393335
1771787231398596286,0.2025773470520101,0.0,0.0,0.0,0.0,0.00026691703710465114
1771787231415202379,0.19868775353037502,0.0,0.0,0.0,0.0,0.00024845423308893916
1771787231431996345,0.19487313224526834,0.0,0.0,0.0,0.0,0.0002265417859289437
1771787231448593139,0.19113177312024732,0.0,0.0,0.0,0.0,0.0002113246124116966
1771787231465280771,0.1874619537952139,0.0,0.0,0.0,0.0,0.00019445771471202078
1771787231481762886,0.18019271079963037,0.0,0.0,0.0,0.0,0.00016005690368550013
1771787231498494148,0.17673293736350384,0.0,0.0,0.0,0.0,0.0001459327354636497
1771787231515110969,0.17334013021688086,0.0,0.0,0.0,0.0,0.0001379230135552939
1771787231531946659,0.17001199492632083,0.0,0.0,0.0,0.0,0.0001273413845599078
1771787231548511743,0.1667473873463377,0.0,0.0,0.0,0.0,0.00011512645047734305
1771787231565326929,0.1635457384757517,0.0,0.0,0.0,0.0,0.0001069735799498206
1771787231581846237,0.160405901097701,0.0,0.0,0.0,0.0,9.823073794660436e-05
1771787231598631381,0.15732615899415822,0.0,0.0,0.0,0.0,9.028673041814456e-05
1771787231615288257,0.1543053680198005,0.0,0.0,0.0,0.0,8.399173174727242e-05
1771787231632078886,0.15134295610200263,0.0,0.0,0.0,0.0,7.974988055420296e-05
1771787231648520708,0.14843720395103793,0.0,0.0,0.0,0.0,7.313954151424301e-05
1771787231665041446,0.14558696742156474,0.0,0.0,0.0,0.0,6.522986561550981e-05
1771787231681860446,0.1427916775127493,0.0,0.0,0.0,0.0,6.257768330748814e-05
1771787231698634147,0.14005018393563626,0.0,0.0,0.0,0.0,5.372071228110231e-05
1771787231715254068,0.13736134868861236,0.0,0.0,0.0,0.0,5.24582642293589e-05
1771787231731949806,0.13472402148268423,0.0,0.0,0.0,0.0,4.679597874576724e-05
1771787231748757839,0.13213706124443902,0.0,0.0,0.0,0.0,4.451022879439076e-05
1771787231765278816,0.12959989282932594,0.0,0.0,0.0,0.0,3.939142947922275e-05
1771787231781713247,0.12711194723663927,0.0,0.0,0.0,0.0,3.8856575447075714e-05
1771787231798878431,0.12467150210457162,0.0,0.0,0.0,0.0,3.0708095320533535e-05
1771787231815528154,0.12227741943172588,0.0,0.0,0.0,0.0,3.047140330933451e-05
1771787231831956624,0.11992969614619899,0.0,0.0,0.0,0.0,3.065525740588576e-05
1771787231848674774,0.11762718503070335,0.0,0.0,0.0,0.0,2.5204767699189834e-05
1771787231865243434,0.11532467698722226,0.0,0.0,0.0,0.0,2.709481158798266e-05
1771787231881918191,0.1108518649744873,0.0,0.0,0.0,0.0,1.8010283867421484e-05
1771787231898544073,0.10872334688351208,0.0,0.0,0.0,0.0,2.0486536111530285e-05
1771787231915192365,0.10663603338209553,0.0,0.0,0.0,0.0,1.333619499834654e-05
1771787231931869506,0.10458878646901862,0.0,0.0,0.0,0.0,1.475022566969214e-05
1771787231948436737,0.10258045892704064,0.0,0.0,0.0,0.0,1.746512458643268e-05
1771787231965070486,0.10061104768405428,0.0,0.0,0.0,0.0,1.2887110459144924e-05
1771787231981867551,0.0986794116668915,0.0,0.0,0.0,0.0,1.1493238922598292e-05
1771787231998669862,0.09678440673030607,0.0,0.0,0.0,0.0,1.4670100234759342e-05
1771787232015252113,0.09492602980219612,0.0,0.0,0.0,0.0,1.3202817244942211e-05
1771787232032016038,0.0931037088099364,0.0,0.0,0.0,0.0,8.070371426263656e-06
1771787232048550605,0.09131630268038134,0.0,0.0,0.0,0.0,1.0396320978205142e-05
1771787232065191268,0.08956266419619839,0.0,0.0,0.0,0.0,1.1967397843933025e-05
1771787232081998348,0.08784336235788305,0.0,0.0,0.0,0.0,2.196026255216199e-06
1771787232098687648,0.08615668709174787,0.0,0.0,0.0,0.0,4.004638748861256e-06
1771787232115095376,0.08450263532572744,0.0,0.0,0.0,0.0,6.766861662843571e-06
1771787232131802320,0.08288005984248563,0.0,0.0,0.0,0.0,1.8711825675796212e-06
1771787232148317813,0.08128896371409856,0.0,0.0,0.0,0.0,1.7391491240886792e-07
1771787232165219545,0.07972820279527597,0.0,0.0,0.0,0.0,3.376804342085371e-06
1771787232182023525,0.07819720194137232,0.0,0.0,0.0,0.0,1.2711978887650077e-06
1771787232198554515,0.07669596422442336,0.0,0.0,0.0,0.0,5.250700375970807e-06
1771787232215192794,0.07522334242712335,0.0,0.0,0.0,0.0,5.63455713867983e-06
1771787232231861829,0.07377876447682795,0.0,0.0,0.0,0.0,3.5749702771217806e-06
1771787232248590707,0.07236223037356071,0.0,0.0,0.0,0.0,-8.471004483492917e-07
1771787232265428304,0.07094569934236646,0.0,0.0,0.0,0.0,6.663369699032307e-06
1771787232281945943,0.06819447745841985,0.0,0.0,0.0,0.0,6.581988485077073e-06
1771787232298784971,0.06688497008952791,0.0,0.0,0.0,0.0,7.658660377135584e-07
1771787232315083980,0.06560064620454496,0.0,0.0,0.0,0.0,-1.8370088442701271e-06
1771787232331973075,0.06434150580343245,0.0,0.0,0.0,0.0,-1.3546180431533994e-06
1771787232348533153,0.06310583266833136,0.0,0.0,0.0,0.0,5.585293512772038e-06
1771787232365067958,0.06189419579975987,0.0,0.0,0.0,0.0,3.683060523750059e-06
1771787232381972074,0.060706026197246535,0.0,0.0,0.0,0.0,8.650338189648832e-06
1771787232399251699,0.0,0.0,0.0,0.0,0.0,0.0
1771787232410037279,0.0,0.0,0.0,0.0,0.0,2.0
1771787232426979541,0.0,0.0,0.0,0.0,0.0,2.0
1771787232443379640,0.0,0.0,0.0,0.0,0.0,2.0
1771787232460038661,0.0,0.0,0.0,0.0,0.0,2.0
1771787232476685285,0.0,0.0,0.0,0.0,0.0,2.0
1771787232493403911,0.0,0.0,0.0,0.0,0.0,2.0
1771787232510241508,0.0,0.0,0.0,0.0,0.0,2.0
1771787232526636600,0.0,0.0,0.0,0.0,0.0,2.0
1771787232543334245,0.0,0.0,0.0,0.0,0.0,2.0
1771787232560032367,0.0,0.0,0.0,0.0,0.0,2.0
1771787232576743125,0.0,0.0,0.0,0.0,0.0,2.0
1771787232593290805,0.0,0.0,0.0,0.0,0.0,2.0
1771787232610203981,0.0,0.0,0.0,0.0,0.0,2.0
1771787232626806497,0.0,0.0,0.0,0.0,0.0,2.0
1771787232643425226,0.0,0.0,0.0,0.0,0.0,2.0
1771787232660004854,0.0,0.0,0.0,0.0,0.0,2.0
1771787232676653146,0.0,0.0,0.0,0.0,0.0,2.0
1771787232693279743,0.0,0.0,0.0,0.0,0.0,2.0
1771787232710008382,0.0,0.0,0.0,0.0,0.0,2.0
1771787232726728439,0.0,0.0,0.0,0.0,0.0,2.0
1771787232743272542,0.0,0.0,0.0,0.0,0.0,2.0
1771787232760193586,0.0,0.0,0.0,0.0,0.0,2.0
1771787232776804924,0.0,0.0,0.0,0.0,0.0,2.0
1771787232793560981,0.0,0.0,0.0,0.0,0.0,2.0
1771787232809784889,0.0,0.0,0.0,0.0,0.0,2.0
1771787232826600551,0.0,0.0,0.0,0.0,0.0,2.0
1771787232843389749,0.0,0.0,0.0,0.0,0.0,2.0
1771787232860290050,0.0,0.0,0.0,0.0,0.0,2.0
1771787232876556396,0.0,0.0,0.0,0.0,0.0,2.0
1771787232893489837,0.0,0.0,0.0,0.0,0.0,2.0
1771787232909990072,0.0,0.0,0.0,0.0,0.0,2.0
1771787232926743507,0.0,0.0,0.0,0.0,0.0,2.0
1771787232943264961,0.0,0.0,0.0,0.0,0.0,2.0
1771787232960129976,0.0,0.0,0.0,0.0,0.0,2.0
1771787232976656436,0.0,0.0,0.0,0.0,0.0,2.0
1771787232993467807,0.0,0.0,0.0,0.0,0.0,2.0
1771787233010280847,0.0,0.0,0.0,0.0,0.0,2.0
1771787233026756286,0.0,0.0,0.0,0.0,0.0,1.9172696522922599
1771787233043393611,0.0,0.0,0.0,0.0,0.0,1.73321146290017
1771787233059976339,0.0,0.0,0.0,0.0,0.0,1.5668229512424552
1771787233076678037,1.2,0.0,0.0,0.0,0.0,1.416408245965966
1771787233093532562,1.2,0.0,0.0,0.0,0.0,1.2872432256577153
1771787233110188722,1.2,0.0,0.0,0.0,0.0,1.169897699870229
1771787233126675128,1.2,0.0,0.0,0.0,0.0,1.0632860069857748
1771787233143506288,1.2,0.0,0.0,0.0,0.0,0.9664221617125706
1771787233160019874,1.2,0.0,0.0,0.0,0.0,0.8784120565721105
1771787233176750421,1.2,0.0,0.0,0.0,0.0,0.7984432914417288
1771787233193985223,1.2,0.0,0.0,0.0,0.0,0.7257781332168132
1771787233209897041,1.2,0.0,0.0,0.0,0.0,0.5863165070635055
1771787233226916313,1.2,0.0,0.0,0.0,0.0,0.5330091801819625
1771787233243300914,1.2,0.0,0.0,0.0,0.0,0.4845645278484545
1771787233259901523,1.2,0.0,0.0,0.0,0.0,0.44053677926329904
1771787233276640176,1.2,0.0,0.0,0.0,0.0,0.4005238719901345
1771787233293437004,1.2,0.0,0.0,0.0,0.0,0.36415594484119485
1771787233309905767,1.2,0.0,0.0,0.0,0.0,0.3311028771548332
1771787233326642751,1.2,0.0,0.0,0.0,0.0,0.3010590886382145
1771787233343441486,1.2,0.0,0.0,0.0,0.0,0.27375180243244746
1771787233359990119,1.2,0.0,0.0,0.0,0.0,0.24892941452415496
1771787233376623153,1.2,0.0,0.0,0.0,0.0,0.22636601902711817
1771787233393542766,1.2,0.0,0.0,0.0,0.0,0.20585473827710965
1771787233410147428,1.2,0.0,0.0,0.0,0.0,0.18720900731801215
1771787233426867485,1.2,0.0,0.0,0.0,0.0,0.17025748823415565
1771787233443295955,1.2,0.0,0.0,0.0,0.0,0.1548476598434041
1771787233459890604,1.2,0.0,0.0,0.0,0.0,0.1408366452281804
1771787233476768016,1.2,0.0,0.0,0.0,0.0,0.1280998178881303
1771787233493351697,1.2,0.0,0.0,0.0,0.0,0.11651783943251637
1771787233510163545,1.2,0.0,0.0,0.0,0.0,0.10598744738283994
1771787233526597976,1.2,0.0,0.0,0.0,0.0,0.09641225227502526
1771787233543148279,1.2,0.0,0.0,0.0,0.0,0.08770643607322137
1771787233559951305,1.2,0.0,0.0,0.0,0.0,0.07978914780988866
1771787233576714515,1.2,0.0,0.0,0.0,0.0,0.07259009440912312
1771787233593723297,1.2,0.0,0.0,0.0,0.0,0.06534719133586053
1771787233609937667,1.2,0.0,0.0,0.0,0.0,0.052823873679432864
1771787233626912117,1.2,0.0,0.0,0.0,0.0,0.04806507721327824
1771787233643239021,1.2,0.0,0.0,0.0,0.0,0.04373699661765862
1771787233660011053,1.2,0.0,0.0,0.0,0.0,0.039801578595294096
1771787233676680803,1.2,0.0,0.0,0.0,0.0,0.036220455670185725
1771787233693262577,1.2,0.0,0.0,0.0,0.0,0.03296283207059414
1771787233709975481,1.2,0.0,0.0,0.0,0.0,0.03000028270417543
1771787233726630926,1.2,0.0,0.0,0.0,0.0,0.027305855976156312
1771787233743343591,1.2,0.0,0.0,0.0,0.0,0.024853770405228293
1771787233760212421,1.2,0.0,0.0,0.0,0.0,0.022622867421881576
1771787233776923656,1.2,0.0,0.0,0.0,0.0,0.020593468619774402
1771787233793392658,1.2,0.0,0.0,0.0,0.0,0.018746717567046822
1771787233810217618,1.2,0.0,0.0,0.0,0.0,0.01706656890313729
1771787233826888561,1.2,0.0,0.0,0.0,0.0,0.015538116182753026
1771787233843321084,1.2,0.0,0.0,0.0,0.0,0.014146476261982066
1771787233859903812,1.2,0.0,0.0,0.0,0.0,0.012880368197472958
1771787233876651763,1.2,0.0,0.0,0.0,0.0,0.011729250461281815
1771787233893624305,1.2,0.0,0.0,0.0,0.0,0.01068008741954296
1771787233910128116,1.2,0.0,0.0,0.0,0.0,0.009727042914497996
1771787233926799058,1.2,0.0,0.0,0.0,0.0,0.008858160122058756
1771787233943179845,1.2,0.0,0.0,0.0,0.0,0.008067966028496354
1771787233960142850,1.2,0.0,0.0,0.0,0.0,0.007348156930840233
1771787233976697444,1.2,0.0,0.0,0.0,0.0,0.0066933186597495364
1771787233993507146,1.2,0.0,0.0,0.0,0.0,0.006033137829205337
1771787234010199069,1.2,0.0,0.0,0.0,0.0,0.004890968262708739
1771787234026617050,1.2,0.0,0.0,0.0,0.0,0.004456019848674053
1771787234043335914,1.2,0.0,0.0,0.0,0.0,0.004060029661570486
1771787234060010433,1.2,0.0,0.0,0.0,0.0,0.0037003389498777572
1771787234076621770,1.2,0.0,0.0,0.0,0.0,0.003371151710169329
1771787234093449354,1.2,0.0,0.0,0.0,0.0,0.00307145209001769
1771787234110246181,1.2,0.0,0.0,0.0,0.0,0.002800259392620408
1771787234126524209,1.2,0.0,0.0,0.0,0.0,0.00255152923300761
1771787234143166065,1.2,0.0,0.0,0.0,0.0,0.0023262176254990052
1771787234160078525,1.2,0.0,0.0,0.0,0.0,0.002120196572047206
1771787234176643848,1.2,0.0,0.0,0.0,0.0,0.0019325212841234674
1771787234193162202,1.2,0.0,0.0,0.0,0.0,0.0017624510302995944
1771787234210034370,1.2,0.0,0.0,0.0,0.0,0.001607100151887586
1771787234226737499,1.2,0.0,0.0,0.0,0.0,0.0014644383080679724
1771787234243439674,1.2,0.0,0.0,0.0,0.0,0.0013362879104570347
1771787234260358333,1.2,0.0,0.0,0.0,0.0,0.0012191985387093318
1771787234276917934,1.2,0.0,0.0,0.0,0.0,0.0011117095716648429
1771787234293410062,1.2,0.0,0.0,0.0,0.0,0.001013791582747725
1771787234310275077,1.2,0.0,0.0,0.0,0.0,0.0009239817978321518
1771787234327028989,1.2,0.0,0.0,0.0,0.0,0.00084289117664893
1771787234343373298,1.2,0.0,0.0,0.0,0.0,0.0007698086671341642
1771787234360044240,1.2,0.0,0.0,0.0,0.0,0.0007019232238500983
1771787234376961469,1.2,0.0,0.0,0.0,0.0,0.0006399156897201053
1771787234393327713,1.2,0.0,0.0,0.0,0.0,0.000521922634618921
1771787234409908294,1.2,0.0,0.0,0.0,0.0,0.00047595008685163975
1771787234426826000,1.2,0.0,0.0,0.0,0.0,0.00043434835388778126
1771787234443390607,1.2,0.0,0.0,0.0,0.0,0.00039712025008276086
1771787234460080385,1.2,0.0,0.0,0.0,0.0,0.00036283818803095613
1771787234476677894,1.2,0.0,0.0,0.0,0.0,0.0003314397207834219
1771787234493203639,1.2,0.0,0.0,0.0,0.0,0.0003022469553877194
1771787234509929895,1.2,0.0,0.0,0.0,0.0,0.0002766912585410175
1771787234526849508,1.2,0.0,0.0,0.0,0.0,0.0002510883321060753
1771787234543408870,1.2,0.0,0.0,0.0,0.0,0.00023065215345408063
1771787234559883117,1.2,0.0,0.0,0.0,0.0,0.00021013941079228715
1771787234576761245,1.2,0.0,0.0,0.0,0.0,0.0001918078704332693
1771787234593408584,1.2,0.0,0.0,0.0,0.0,0.0001749439405513975
1771787234610146045,1.2,0.0,0.0,0.0,0.0,0.00015954778893645383
1771787234626873016,1.2,0.0,0.0,0.0,0.0,0.00014633696084098702
1771787234643446207,1.2,0.0,0.0,0.0,0.0,0.00013388119948265498
1771787234660261869,1.2,0.0,0.0,0.0,0.0,0.00012289764729223052
1771787234676927328,1.2,0.0,0.0,0.0,0.0,0.00011168923483673154
1771787234693371295,1.2,0.0,0.0,0.0,0.0,0.00010291959991182154
1771787234710405111,1.2,0.0,0.0,0.0,0.0,9.317280882026324e-05
1771787234726817607,1.2,0.0,0.0,0.0,0.0,8.662148131044489e-05
1771787234743727207,1.2,0.0,0.0,0.0,0.0,7.833846555715951e-05
1771787234760077476,1.2,0.0,0.0,0.0,0.0,7.077796170751327e-05
1771787234776925325,1.2,0.0,0.0,0.0,0.0,6.647988947605654e-05
1771787234793147087,1.2,0.0,0.0,0.0,0.0,5.358917440467792e-05
1771787234809913396,1.2,0.0,0.0,0.0,0.0,4.894588791204413e-05
1771787234826640367,1.2,0.0,0.0,0.0,0.0,4.502721327659387e-05
1771787234843341827,1.2,0.0,0.0,0.0,0.0,4.111701587206085e-05
1771787234859966516,1.2,0.0,0.0,0.0,0.0,3.7218154289142547e-05
1771787234876616239,1.2,0.0,0.0,0.0,0.0,3.4045061220844275e-05
1771787234893237352,1.2,0.0,0.0,0.0,0.0,3.15981645728769e-05
1771787234909868240,1.2,0.0,0.0,0.0,0.0,2.844609157159894e-05
1771787234926770925,1.2,0.0,0.0,0.0,0.0,2.6737693400669116e-05
1771787234943275451,1.2,0.0,0.0,0.0,0.0,2.4326411345310106e-05
1771787234960008382,1.2,0.0,0.0,0.0,0.0,2.264192058643033e-05
1771787234976587533,1.2,0.0,0.0,0.0,0.0,2.09722466459894e-05
1771787234993429899,1.2,0.0,0.0,0.0,0.0,1.931663669685335e-05
1771787235010107278,1.2,0.0,0.0,0.0,0.0,1.7674293483427306e-05
1771787235026662826,1.2,0.0,0.0,0.0,0.0,1.6763981776080072e-05
1771787235043527364,1.2,0.0,0.0,0.0,0.0,1.586974947720421e-05
1771787235060194730,1.2,0.0,0.0,0.0,0.0,1.4275601588842335e-05
1771787235076621055,1.2,0.0,0.0,0.0,0.0,1.1754626316307082e-05
1771787235093434810,1.2,0.0,0.0,0.0,0.0,1.0874834450280702e-05
1771787235110175848,1.2,0.0,0.0,0.0,0.0,1.072844280214369e-05
1771787235126835346,1.2,0.0,0.0,0.0,0.0,9.884254830616612e-06
1771787235143179178,1.2,0.0,0.0,0.0,0.0,9.776922496929075e-06
1771787235160009622,1.2,0.0,0.0,0.0,0.0,8.975404909961071e-06
1771787235176823854,1.2,0.0,0.0,0.0,0.0,6.281732017221486e-06
1771787235193506956,1.2,0.0,0.0,0.0,0.0,6.193828987033356e-06
1771787235209987163,1.2,0.0,0.0,0.0,0.0,6.086338653066292e-06
1771787235226627349,1.2,0.0,0.0,0.0,0.0,6.78640816209608e-06
1771787235243288040,1.191245055837745,0.0,0.0,0.0,0.0,3.91625278473029e-06
1771787235260002136,1.1683728891353153,0.0,0.0,0.0,0.0,4.450750087148236e-06
1771787235276601314,1.145940175834009,0.0,0.0,0.0,0.0,4.2256060650558425e-06
1771787235293245077,1.1239383325007355,0.0,0.0,0.0,0.0,4.7475794469065136e-06
1771787235310074329,1.1023587764343499,0.0,0.0,0.0,0.0,3.673748969035273e-06
1771787235326683998,1.0811934964063203,0.0,0.0,0.0,0.0,4.771199351605304e-06
1771787235343328714,1.0604344819198983,0.0,0.0,0.0,0.0,3.4287911443442454e-06
1771787235359932184,1.0400742939510812,0.0,0.0,0.0,0.0,4.247993921957516e-06
1771787235376705169,1.0201043497986206,0.0,0.0,0.0,0.0,2.486119943245768e-06
1771787235393364906,1.0005183548474634,0.0,0.0,0.0,0.0,2.8704751362518266e-06
1771787235410175085,0.9813088708053623,0.0,0.0,0.0,0.0,5.280923272010796e-07
1771787235426600694,0.9624673142392955,0.0,0.0,0.0,0.0,3.038048439485408e-07
1771787235443397521,0.94398796310451,0.0,0.0,0.0,0.0,1.543360832467755e-06
1771787235460099935,0.9258633791088404,0.0,0.0,0.0,0.0,5.940151690531081e-07
1771787235476871252,0.9080872676371102,0.0,0.0,0.0,0.0,1.0799149574580724e-06
1771787235493270635,0.890651617826755,0.0,0.0,0.0,0.0,3.0519280103114e-06
1771787235510220050,0.8735512802033677,0.0,0.0,0.0,0.0,1.9286933410356255e-06
1771787235526782989,0.8567788161088805,0.0,0.0,0.0,0.0,-1.0346321399623548e-06
1771787235543546915,0.8403290749710901,0.0,0.0,0.0,0.0,1.4447438232423337e-06
1771787235560039281,0.8241946188637925,0.0,0.0,0.0,0.0,1.3241341023650932e-06
1771787235576995134,0.8083697253763384,0.0,0.0,0.0,0.0,2.667922466947914e-06
1771787235593413591,0.7770249237513027,0.0,0.0,0.0,0.0,1.8902714353785655e-06
1771787235610138416,0.7621058306761469,0.0,0.0,0.0,0.0,-1.1092850891181172e-06
1771787235626650810,0.7474734116759958,0.0,0.0,0.0,0.0,1.8377213271136839e-06
1771787235643473148,0.7331219454379109,0.0,0.0,0.0,0.0,1.687986248111173e-06
1771787235659915208,0.7190462821216733,0.0,0.0,0.0,0.0,-1.7712312070372604e-06
1771787235676838397,0.7052401267461833,0.0,0.0,0.0,0.0,9.679809460649835e-07
1771787235693359136,0.6916994746120352,0.0,0.0,0.0,0.0,3.2448421816155815e-07
1771787235710112571,0.6784191755130456,0.0,0.0,0.0,0.0,1.1279588623125392e-06
1771787235726815462,0.6653935077704048,0.0,0.0,0.0,0.0,-1.7285616964457517e-06
1771787235743237257,0.652617893016454,0.0,0.0,0.0,0.0,2.0335429287143825e-06
1771787235759819269,0.6400877543472718,0.0,0.0,0.0,0.0,2.0514549086136924e-06
1771787235776618003,0.6277979419226082,0.0,0.0,0.0,0.0,-2.6457815218705605e-06
1771787235793292284,0.6157444495792727,0.0,0.0,0.0,0.0,9.79200304840333e-07
1771787235809913635,0.6039221282089114,0.0,0.0,0.0,0.0,-2.1252919157888073e-07
1771787235826764583,0.5923263998098001,0.0,0.0,0.0,0.0,1.6574036809657855e-08
1771787235843354463,0.5809538311551184,0.0,0.0,0.0,0.0,1.728654632771054e-06
1771787235860035657,0.5697998449749527,0.0,0.0,0.0,0.0,-1.7608664473200974e-06
1771787235876523017,0.5588592910632082,0.0,0.0,0.0,0.0,-2.463747812431194e-06
1771787235893285274,0.5481293083974271,0.0,0.0,0.0,0.0,-2.462937195524262e-06
1771787235909872055,0.5376053193418284,0.0,0.0,0.0,0.0,-9.90899267971912e-07
1771787235926777124,0.5272833184652013,0.0,0.0,0.0,0.0,2.724855623803535e-06
1771787235943454504,0.5171593007020558,0.0,0.0,0.0,0.0,-4.172880307962146e-08
1771787235960000276,0.507229832459707,0.0,0.0,0.0,0.0,-7.024158441559791e-07
1771787235976687431,0.49730036421736457,0.0,0.0,0.0,0.0,-1.3894864205887814e-06
1771787235993343114,0.4780136322055011,0.0,0.0,0.0,0.0,1.7472171069954356e-06
1771787236009922504,0.46883546880189264,0.0,0.0,0.0,0.0,-1.0647602266544709e-07
1771787236026475429,0.4598341165804121,0.0,0.0,0.0,0.0,-5.58013147688996e-07
1771787236043177843,0.45100499790525195,0.0,0.0,0.0,0.0,4.381494167482458e-07
1771787236059926033,0.4423458239585765,0.0,0.0,0.0,0.0,2.947696084554252e-06
1771787236076509237,0.4338531618793278,0.0,0.0,0.0,0.0,-8.853536357378289e-07
1771787236093312740,0.4255230058704764,0.0,0.0,0.0,0.0,-3.4042303962422693e-06
1771787236109833478,0.41735306674803185,0.0,0.0,0.0,0.0,3.6778233898360213e-06
1771787236126496315,0.409339912017085,0.0,0.0,0.0,0.0,4.120895332970775e-06
1771787236143253326,0.4014801084507108,0.0,0.0,0.0,0.0,-3.2211426472805726e-06
1771787236160052061,0.3937719387037349,0.0,0.0,0.0,0.0,8.027126296994425e-07
1771787236176654815,0.3862113980767653,0.0,0.0,0.0,0.0,-3.1809717646602564e-06
1771787236193274021,0.378796197019912,0.0,0.0,0.0,0.0,3.2148362731909685e-06
1771787236210007667,0.37152347524269547,0.0,0.0,0.0,0.0,2.0928420929600122e-06
1771787236226714372,0.3643903713568886,0.0,0.0,0.0,0.0,1.6806306679661986e-06
1771787236243170022,0.35739402434014034,0.0,0.0,0.0,0.0,3.4630001213287187e-06
1771787236260065793,0.35053214574032227,0.0,0.0,0.0,0.0,-3.0081468489484564e-06
1771787236276682138,0.3438018738033869,0.0,0.0,0.0,0.0,1.720642770930425e-06
1771787236293358325,0.3372009204432226,0.0,0.0,0.0,0.0,-2.0745546613909482e-06
1771787236310181140,0.3307264242716333,0.0,0.0,0.0,0.0,-4.552122276457737e-06
1771787236326746225,0.324376668309206,0.0,0.0,0.0,0.0,5.6487342883215774e-06
1771787236343172550,0.3181482204267595,0.0,0.0,0.0,0.0,-5.3275671407782e-06
1771787236359996318,0.312039935117665,0.0,0.0,0.0,0.0,-2.7971184368702495e-06
1771787236376804828,0.30593164980860005,0.0,0.0,0.0,0.0,-9.094405442056086e-07
1771787236393212080,0.29406641310284576,0.0,0.0,0.0,0.0,-3.277667734558065e-06
1771787236409974336,0.2884204690078649,0.0,0.0,0.0,0.0,4.856584539858488e-06
1771787236426989078,0.2828826719241248,0.0,0.0,0.0,0.0,2.641191091168338e-06
1771787236443279981,0.277451304872376,0.0,0.0,0.0,0.0,1.0941184505064427e-06
1771787236459931135,0.27212407903469926,0.0,0.0,0.0,0.0,1.697439515613297e-06
1771787236476563930,0.2668992777976961,0.0,0.0,0.0,0.0,3.7964721153471714e-06
1771787236493826866,0.26177518491386526,0.0,0.0,0.0,0.0,-6.377230667542477e-06
1771787236510163545,0.25674893862877796,0.0,0.0,0.0,0.0,-6.579608444745588e-07
1771787236526785612,0.2518193948998398,0.0,0.0,0.0,0.0,6.017642097955189e-06
1771787236543427944,0.24698426527460132,0.0,0.0,0.0,0.0,5.210674438593799e-07
1771787236560155868,0.24224240497860602,0.0,0.0,0.0,0.0,-3.715640545909338e-06
1771787236576483249,0.2375915251938453,0.0,0.0,0.0,0.0,-6.649087679111432e-06
1771787236593262434,0.23302933673633222,0.0,0.0,0.0,0.0,7.212705310344347e-06
1771787236610336303,0.22855526813358024,0.0,0.0,0.0,0.0,6.61920760336443e-06
1771787236626778602,0.2241670302018218,0.0,0.0,0.0,0.0,7.497159690394994e-06
1771787236643400669,0.219862906693278,0.0,0.0,0.0,0.0,-5.712376265343266e-06
1771787236659895181,0.2156417524674603,0.0,0.0,0.0,0.0,-5.863883019152638e-07
1771787236676736116,0.2115012790724802,0.0,0.0,0.0,0.0,5.462394214283961e-06
1771787236693256855,0.2074403424649525,0.0,0.0,0.0,0.0,-4.046522728895496e-06
1771787236710190057,0.20345779750446583,0.0,0.0,0.0,0.0,5.881248721362198e-06
1771787236726894140,0.19955135610457328,0.0,0.0,0.0,0.0,-1.0011762845429928e-06
1771787236743396520,0.19571987349079928,0.0,0.0,0.0,0.0,-5.942767480782152e-06
1771787236760180950,0.19196220525408875,0.0,0.0,0.0,0.0,-8.887274323132743e-06
1771787236776845455,0.18827663441487794,0.0,0.0,0.0,0.0,7.731032932500881e-06
1771787236793844699,0.18459106394154795,0.0,0.0,0.0,0.0,6.385289659682769e-06
1771787236810115098,0.17743163864998673,0.0,0.0,0.0,0.0,5.152570840660786e-06
1771787236826608419,0.17402530395962046,0.0,0.0,0.0,0.0,9.074437444134276e-06
1771787236843306541,0.17068362874029347,0.0,0.0,0.0,0.0,-6.94384751431798e-06
1771787236860018730,0.16740661226059586,0.0,0.0,0.0,0.0,5.990827500745866e-07
1771787236876651763,0.1641925382732016,0.0,0.0,0.0,0.0,9.166830353457556e-06
1771787236893177747,0.1610396905298311,0.0,0.0,0.0,0.0,-2.506277748004493e-06
1771787236909791946,0.15794806866554048,0.0,0.0,0.0,0.0,-1.2409827797377204e-05
1771787236926614761,0.1549153834955772,0.0,0.0,0.0,0.0,2.3512749547371925e-06
1771787236943285465,0.15194106354800377,0.0,0.0,0.0,0.0,-4.914132515576597e-06
1771787236959868907,0.14902396404787813,0.0,0.0,0.0,0.0,-1.0991835469820188e-05
1771787236976789236,0.14616236801542626,0.0,0.0,0.0,0.0,9.070814722011988e-06
1771787236993340253,0.14335627618276237,0.0,0.0,0.0,0.0,5.257804892799811e-06
1771787237010411024,0.14060397157060053,0.0,0.0,0.0,0.0,2.788176776125084e-06
1771787237026785612,0.13790430976996543,0.0,0.0,0.0,0.0,2.4278561707724577e-06
1771787237043412446,0.1352561463719051,0.0,0.0,0.0,0.0,2.797796138764852e-06
1771787237060043096,0.1326594813764379,0.0,0.0,0.0,0.0,5.413811011489855e-06
1771787237076688289,0.13011259817018808,0.0,0.0,0.0,0.0,8.883456246611132e-06
1771787237093569755,0.12761435270988827,0.0,0.0,0.0,0.0,-1.292637582972489e-05
1771787237110075712,0.1251641720592509,0.0,0.0,0.0,0.0,-4.517264523773434e-06
1771787237127067565,0.12276091217558652,0.0,0.0,0.0,0.0,4.205001365775729e-06
1771787237143359899,0.12040400122031734,0.0,0.0,0.0,0.0,-1.3767237431405732e-05
1771787237159988880,0.11809229405201468,0.0,0.0,0.0,0.0,-4.735618257534213e-07
1771787237176689624,0.11582464662865938,0.0,0.0,0.0,0.0,1.3318444771037719e-05
1771787237193491458,0.11355757177514973,0.0,0.0,0.0,0.0,-2.552880572270766e-06
1771787237209923744,0.10915331211807086,0.0,0.0,0.0,0.0,-1.6437678191927318e-06
1771787237226848363,0.10705732640240022,0.0,0.0,0.0,0.0,-1.1917638079061987e-05
1771787237244268894,0.10500196683818966,0.0,0.0,0.0,0.0,1.1559761374790867e-05
1771787237259812831,0.10298608974835047,0.0,0.0,0.0,0.0,2.6362827627579577e-06
1771787237276441097,0.10100855035837338,0.0,0.0,0.0,0.0,-5.156621453838994e-06
1771787237293072223,0.09906934866818001,0.0,0.0,0.0,0.0,-1.0312520373645384e-05
1771787237310066223,0.09716734026876009,0.0,0.0,0.0,0.0,-1.4228100853497239e-05
1771787237326733350,0.09530138075111835,0.0,0.0,0.0,0.0,-1.615471163907145e-05
1771787237343447923,0.09347146974916831,0.0,0.0,0.0,0.0,2.0002767965987545e-05
1771787237359967708,0.09167703579049306,0.0,0.0,0.0,0.0,1.8701188159386817e-05
1771787237376558065,0.08991693410025409,0.0,0.0,0.0,0.0,1.8147938911639017e-05
1771787237393387794,0.08819059283968818,0.0,0.0,0.0,0.0,-1.9095078116038167e-05
1771787237409970283,0.08649743907255761,0.0,0.0,0.0,0.0,-1.3722446608355199e-05
1771787237426699638,0.08483632875591661,0.0,0.0,0.0,0.0,-6.739736478245106e-06
1771787237443230390,0.08320783409429947,0.0,0.0,0.0,0.0,1.2541988527736692e-06
1771787237460075378,0.08161023847436942,0.0,0.0,0.0,0.0,1.0273461314991295e-05
1771787237476831436,0.08004296969175245,0.0,0.0,0.0,0.0,2.0384537727125007e-05
1771787237493607759,0.07850602811149707,0.0,0.0,0.0,0.0,-1.2764162649503419e-05
1771787237510106801,0.07699884079805291,0.0,0.0,0.0,0.0,1.7976429025345908e-06
1771787237526801347,0.0755208359132045,0.0,0.0,0.0,0.0,1.7673258517980628e-05
1771787237543592214,0.07407029720838622,0.0,0.0,0.0,0.0,-1.2188882175578897e-05
1771787237559975385,0.0726483683615088,0.0,0.0,0.0,0.0,8.45904138468967e-06
1771787237576729059,0.07122643988085693,0.0,0.0,0.0,0.0,-1.9042575978733822e-05
1771787237593228578,0.06849130140304063,0.0,0.0,0.0,0.0,-1.9077835708536384e-05
1771787237610142230,0.06717637479212885,0.0,0.0,0.0,0.0,9.731806142276866e-06
1771787237626627445,0.06588662554474027,0.0,0.0,0.0,0.0,-1.3908861563827202e-05
1771787237643352746,0.06462148072323683,0.0,0.0,0.0,0.0,1.7571038428254582e-05
1771787237659882307,0.06338036885567026,0.0,0.0,0.0,0.0,-4.596460565498006e-06
1771787237676619768,0.06216386141508708,0.0,0.0,0.0,0.0,3.131289860336395e-05
1771787237693503856,0.0609702425182791,0.0,0.0,0.0,0.0,9.442617006971687e-06
1771787237710400819,0.0,0.0,0.0,0.0,0.0,0.0
1771787237737553596,0.0,0.0,0.0,0.0,0.0,-2.0
1771787237754467725,0.0,0.0,0.0,0.0,0.0,-2.0
1771787237771039247,0.0,0.0,0.0,0.0,0.0,-2.0
1771787237787927865,0.0,0.0,0.0,0.0,0.0,-2.0
1771787237804428815,0.0,0.0,0.0,0.0,0.0,-2.0
1771787237821482419,0.0,0.0,0.0,0.0,0.0,-2.0
1771787237838114500,0.0,0.0,0.0,0.0,0.0,-2.0
1771787237854827880,0.0,0.0,0.0,0.0,0.0,-2.0
1771787237871036529,0.0,0.0,0.0,0.0,0.0,-2.0
1771787237887879848,0.0,0.0,0.0,0.0,0.0,-2.0
1771787237904247045,0.0,0.0,0.0,0.0,0.0,-2.0
1771787237921364068,0.0,0.0,0.0,0.0,0.0,-2.0
1771787237937878370,0.0,0.0,0.0,0.0,0.0,-2.0
1771787237954703569,0.0,0.0,0.0,0.0,0.0,-2.0
1771787237971659421,0.0,0.0,0.0,0.0,0.0,-2.0
1771787237988141536,0.0,0.0,0.0,0.0,0.0,-2.0
1771787238004924297,0.0,0.0,0.0,0.0,0.0,-2.0
1771787238021097660,0.0,0.0,0.0,0.0,0.0,-2.0
1771787238038434267,0.0,0.0,0.0,0.0,0.0,-2.0
1771787238054809570,0.0,0.0,0.0,0.0,0.0,-2.0
1771787238071597576,0.0,0.0,0.0,0.0,0.0,-2.0
1771787238087979316,0.0,0.0,0.0,0.0,0.0,-2.0
1771787238104690313,0.0,0.0,0.0,0.0,0.0,-2.0
1771787238121088504,0.0,0.0,0.0,0.0,0.0,-2.0
1771787238137766361,0.0,0.0,0.0,0.0,0.0,-2.0
1771787238154735565,0.0,0.0,0.0,0.0,0.0,-2.0
1771787238171574354,0.0,0.0,0.0,0.0,0.0,-2.0
1771787238187885522,0.0,0.0,0.0,0.0,0.0,-2.0
1771787238204335451,0.0,0.0,0.0,0.0,0.0,-2.0
1771787238221073150,0.0,0.0,0.0,0.0,0.0,-2.0
1771787238237794160,0.0,0.0,0.0,0.0,0.0,-2.0
1771787238254506826,0.0,0.0,0.0,0.0,0.0,-2.0
1771787238270927906,0.0,0.0,0.0,0.0,0.0,-2.0
1771787238287536621,0.0,0.0,0.0,0.0,0.0,-2.0
1771787238304337263,0.0,0.0,0.0,0.0,0.0,-2.0
1771787238320909500,0.0,0.0,0.0,0.0,0.0,-2.0
1771787238338048696,0.0,0.0,0.0,0.0,0.0,-2.0
1771787238354465484,0.0,0.0,0.0,0.0,0.0,-2.0
1771787238371250391,0.0,0.0,0.0,0.0,0.0,-2.0
1771787238387780427,0.0,0.0,0.0,0.0,0.0,-2.0
1771787238404692888,0.0,0.0,0.0,0.0,0.0,-2.0
1771787238421384811,0.0,0.0,0.0,0.0,0.0,-2.0
1771787238438203811,0.0,0.0,0.0,0.0,0.0,-2.0
1771787238454733610,0.0,0.0,0.0,0.0,0.0,-2.0
1771787238471273422,0.0,0.0,0.0,0.0,0.0,-2.0
1771787238488062620,0.0,0.0,0.0,0.0,0.0,-2.0
1771787238504710197,0.0,0.0,0.0,0.0,0.0,-2.0
1771787238517442226,0.0,0.0,0.0,0.0,0.0,-2.0
1771787238534569501,0.0,0.0,0.0,0.0,0.0,-2.0
1771787238551273822,0.0,0.0,0.0,0.0,0.0,-2.0
1771787238567995548,0.0,0.0,0.0,0.0,0.0,-2.0
1771787238584844112,0.0,0.0,0.0,0.0,0.0,-2.0
1771787238601421833,0.0,0.0,0.0,0.0,0.0,-2.0
1771787238618096590,0.0,0.0,0.0,0.0,0.0,-2.0
1771787238634679317,0.0,0.0,0.0,0.0,0.0,-2.0
1771787238651255130,0.0,0.0,0.0,0.0,0.0,-2.0
1771787238668351650,0.0,0.0,0.0,0.0,0.0,-2.0
1771787238684707880,0.0,0.0,0.0,0.0,0.0,-2.0
1771787238701460361,0.0,0.0,0.0,0.0,0.0,-2.0
1771787238718024015,0.0,0.0,0.0,0.0,0.0,-2.0
1771787238734684228,0.0,0.0,0.0,0.0,0.0,-2.0
1771787238751351594,0.0,0.0,0.0,0.0,0.0,-2.0
1771787238768023490,0.0,0.0,0.0,0.0,0.0,-2.0
1771787238784685373,0.0,0.0,0.0,0.0,0.0,-2.0
1771787238801406621,0.0,0.0,0.0,0.0,0.0,-2.0
1771787238818110704,0.0,0.0,0.0,0.0,0.0,-2.0
1771787238834897518,0.0,0.0,0.0,0.0,0.0,-2.0
1771787238851843595,0.0,0.0,0.0,0.0,0.0,-2.0
1771787238868115186,0.0,0.0,0.0,0.0,0.0,-2.0
1771787238884727239,0.0,0.0,0.0,0.0,0.0,-2.0
1771787238901149988,0.0,0.0,0.0,0.0,0.0,-2.0
1771787238917705297,0.0,0.0,0.0,0.0,0.0,-2.0
1771787238934520244,0.0,0.0,0.0,0.0,0.0,-2.0
1771787238951348304,0.0,0.0,0.0,0.0,0.0,-2.0
1771787238967728853,0.0,0.0,0.0,0.0,0.0,-2.0
1771787238984485626,0.0,0.0,0.0,0.0,0.0,-2.0
1771787239001223564,0.0,0.0,0.0,0.0,0.0,-2.0
1771787239017842769,0.0,0.0,0.0,0.0,0.0,-2.0
1771787239034727573,0.0,0.0,0.0,0.0,0.0,-2.0
1771787239051372766,0.0,0.0,0.0,0.0,0.0,-2.0
1771787239067913770,0.0,0.0,0.0,0.0,0.0,-2.0
1771787239084539175,0.0,0.0,0.0,0.0,0.0,-2.0
1771787239101229906,0.0,0.0,0.0,0.0,0.0,-2.0
1771787239118009328,0.0,0.0,0.0,0.0,0.0,-2.0
1771787239134598970,0.0,0.0,0.0,0.0,0.0,-2.0
1771787239151449918,0.0,0.0,0.0,0.0,0.0,-1.949664218843588
1771787239168028354,0.0,0.0,0.0,0.0,0.0,-1.7624960975056974
1771787239184542179,0.0,0.0,0.0,0.0,0.0,-1.593296630800375
1771787239201317071,1.2,0.0,0.0,0.0,0.0,-1.440339906633505
1771787239217752695,1.2,0.0,0.0,0.0,0.0,-1.3090912043312204
1771787239234550476,1.2,0.0,0.0,0.0,0.0,-1.189845776488342
1771787239251090288,1.2,0.0,0.0,0.0,0.0,-1.0815002053534757
1771787239267990112,1.2,0.0,0.0,0.0,0.0,-0.9830538368000084
1771787239284399271,1.2,0.0,0.0,0.0,0.0,-0.8936007884307888
1771787239301435947,1.2,0.0,0.0,0.0,0.0,-0.8036797216917781
1771787239317676782,1.2,0.0,0.0,0.0,0.0,-0.648399029137269
1771787239334531784,1.2,0.0,0.0,0.0,0.0,-0.5894781540327831
1771787239351347446,1.2,0.0,0.0,0.0,0.0,-0.5359281666162903
1771787239368217945,1.2,0.0,0.0,0.0,0.0,-0.48725988690878763
1771787239385219097,1.2,0.0,0.0,0.0,0.0,-0.44302630683237565
1771787239401196956,1.2,0.0,0.0,0.0,0.0,-0.4028228414009023
1771787239417978525,1.2,0.0,0.0,0.0,0.0,-0.36627964661706525
1771787239434545516,1.2,0.0,0.0,0.0,0.0,-0.33306305237952616
1771787239451433181,1.2,0.0,0.0,0.0,0.0,-0.30286949697459375
1771787239468004465,1.2,0.0,0.0,0.0,0.0,-0.27542318761586104
1771787239484634399,1.2,0.0,0.0,0.0,0.0,-0.2504728118775943
1771787239501306533,1.2,0.0,0.0,0.0,0.0,-0.22779043319035575
1771787239518035173,1.2,0.0,0.0,0.0,0.0,-0.20717072910411272
1771787239534698247,1.2,0.0,0.0,0.0,0.0,-0.18842365422504326
1771787239551257371,1.2,0.0,0.0,0.0,0.0,-0.171379604181924
1771787239568304777,1.2,0.0,0.0,0.0,0.0,-0.15588288967199304
1771787239584643602,1.2,0.0,0.0,0.0,0.0,-0.14179254050951373
1771787239601408720,1.2,0.0,0.0,0.0,0.0,-0.12898168386703146
1771787239618130683,1.2,0.0,0.0,0.0,0.0,-0.11733337800875931
1771787239634793281,1.2,0.0,0.0,0.0,0.0,-0.10674065471819816
1771787239651791572,1.2,0.0,0.0,0.0,0.0,-0.09710738713853351
1771787239668195486,1.2,0.0,0.0,0.0,0.0,-0.08834737317143126
1771787239684770584,1.2,0.0,0.0,0.0,0.0,-0.0803812133421351
1771787239701972961,1.2,0.0,0.0,0.0,0.0,-0.07236662030202501
1771787239718213319,1.2,0.0,0.0,0.0,0.0,-0.05850837868371439
1771787239734974384,1.2,0.0,0.0,0.0,0.0,-0.05324091650372864
1771787239751194477,1.2,0.0,0.0,0.0,0.0,-0.04845102634076337
1771787239767992734,1.2,0.0,0.0,0.0,0.0,-0.044093365746242785
1771787239784626245,1.2,0.0,0.0,0.0,0.0,-0.040129901968608106
1771787239801448345,1.2,0.0,0.0,0.0,0.0,-0.036524285076907415
1771787239817883491,1.2,0.0,0.0,0.0,0.0,-0.03324301599166102
1771787239834881067,1.2,0.0,0.0,0.0,0.0,-0.030259427647736814
1771787239851171493,1.2,0.0,0.0,0.0,0.0,-0.027544448440107505
1771787239867967605,1.2,0.0,0.0,0.0,0.0,-0.02507443581196478
1771787239884850263,1.2,0.0,0.0,0.0,0.0,-0.022826522777326552
1771787239901322603,1.2,0.0,0.0,0.0,0.0,-0.02078135117463642
1771787239917988061,1.2,0.0,0.0,0.0,0.0,-0.018921147504891156
1771787239934414148,1.2,0.0,0.0,0.0,0.0,-0.017227033825855997
1771787239951359510,1.2,0.0,0.0,0.0,0.0,-0.01568590182725238
1771787239968023777,1.2,0.0,0.0,0.0,0.0,-0.014284684679084947
1771787239984609603,1.2,0.0,0.0,0.0,0.0,-0.01300851767778699
1771787240001189947,1.2,0.0,0.0,0.0,0.0,-0.01184612097872817
1771787240017988443,1.2,0.0,0.0,0.0,0.0,-0.01078882740207332
1771787240034972667,1.2,0.0,0.0,0.0,0.0,-0.009826462455495122
1771787240051420211,1.2,0.0,0.0,0.0,0.0,-0.008950690423421115
1771787240068050384,1.2,0.0,0.0,0.0,0.0,-0.008152813437801498
1771787240084496736,1.2,0.0,0.0,0.0,0.0,-0.007426275915481284
1771787240101179361,1.2,0.0,0.0,0.0,0.0,-0.006695971456783578
1771787240118074893,1.2,0.0,0.0,0.0,0.0,-0.005429104577667321
1771787240134459495,1.2,0.0,0.0,0.0,0.0,-0.004946397654737034
1771787240151170492,1.2,0.0,0.0,0.0,0.0,-0.004507691646625123
1771787240167668819,1.2,0.0,0.0,0.0,0.0,-0.004108166099404897
1771787240184631824,1.2,0.0,0.0,0.0,0.0,-0.0037434558526778794
1771787240201339960,1.2,0.0,0.0,0.0,0.0,-0.003411339099891997
1771787240217665195,1.2,0.0,0.0,0.0,0.0,-0.0031099077695624366
1771787240234554052,1.2,0.0,0.0,0.0,0.0,-0.002834513929510063
1771787240251096725,1.2,0.0,0.0,0.0,0.0,-0.002584001817579562
1771787240267769336,1.2,0.0,0.0,0.0,0.0,-0.0023556565805766816
1771787240284360647,1.2,0.0,0.0,0.0,0.0,-0.002147277294362482
1771787240301096439,1.2,0.0,0.0,0.0,0.0,-0.0019579279596788624
1771787240317694187,1.2,0.0,0.0,0.0,0.0,-0.0017854715491614215
1771787240334548950,1.2,0.0,0.0,0.0,0.0,-0.0016291492802187335
1771787240351247549,1.2,0.0,0.0,0.0,0.0,-0.0014847546117100485
1771787240367774248,1.2,0.0,0.0,0.0,0.0,-0.0013548836701144928
1771787240384448766,1.2,0.0,0.0,0.0,0.0,-0.0012360547234067099
1771787240401400327,1.2,0.0,0.0,0.0,0.0,-0.001127503871816593
1771787240418485403,1.2,0.0,0.0,0.0,0.0,-0.0010285204726807606
1771787240434882640,1.2,0.0,0.0,0.0,0.0,-0.0009390023819406679
1771787240451349258,1.2,0.0,0.0,0.0,0.0,-0.0008554549901997888
1771787240467791318,1.2,0.0,0.0,0.0,0.0,-0.0007812856916249444
1771787240484527587,1.2,0.0,0.0,0.0,0.0,-0.0007130234289265402
1771787240501213788,1.2,0.0,0.0,0.0,0.0,-0.0005804326585727715
1771787240518002271,1.2,0.0,0.0,0.0,0.0,-0.0005303997195675869
1771787240534562826,1.2,0.0,0.0,0.0,0.0,-0.0004840029412656044
1771787240551371097,1.2,0.0,0.0,0.0,0.0,-0.00044199539889699935
1771787240567654371,1.2,0.0,0.0,0.0,0.0,-0.00040435983561382116
1771787240584546327,1.2,0.0,0.0,0.0,0.0,-0.00036888407511392884
1771787240601248025,1.2,0.0,0.0,0.0,0.0,-0.0003363239028968401
1771787240617894887,1.2,0.0,0.0,0.0,0.0,-0.00030741713008008986
1771787240634564638,1.2,0.0,0.0,0.0,0.0,-0.0002814298642355162
1771787240651082515,1.2,0.0,0.0,0.0,0.0,-0.00025607491026313767
1771787240667947769,1.2,0.0,0.0,0.0,0.0,-0.0002352324514562909
1771787240684525966,1.2,0.0,0.0,0.0,0.0,-0.00021426628025178474
1771787240701411247,1.2,0.0,0.0,0.0,0.0,-0.00019549910102512058
1771787240718115806,1.2,0.0,0.0,0.0,0.0,-0.00017891044230644582
1771787240734709501,1.2,0.0,0.0,0.0,0.0,-0.0001637973991535091
1771787240751412630,1.2,0.0,0.0,0.0,0.0,-0.00015017288466623313
1771787240768087148,1.2,0.0,0.0,0.0,0.0,-0.00013630400314701419
1771787240784754037,1.2,0.0,0.0,0.0,0.0,-0.00012560755245116795
1771787240801140546,1.2,0.0,0.0,0.0,0.0,-0.00011393721950181401
1771787240818339347,1.2,0.0,0.0,0.0,0.0,-0.00010475485553129715
1771787240835063219,1.2,0.0,0.0,0.0,0.0,-9.527519467900092e-05
1771787240851648807,1.2,0.0,0.0,0.0,0.0,-8.722685273943043e-05
1771787240867953062,1.2,0.0,0.0,0.0,0.0,-8.103033691231332e-05
1771787240884912967,1.2,0.0,0.0,0.0,0.0,-7.375962586175788e-05
1771787240901562213,1.2,0.0,0.0,0.0,0.0,-5.9953697459924626e-05
1771787240917749404,1.2,0.0,0.0,0.0,0.0,-5.487552120841954e-05
1771787240934800624,1.2,0.0,0.0,0.0,0.0,-5.051636296871109e-05
1771787240951483726,1.2,0.0,0.0,0.0,0.0,-4.618781525644877e-05
1771787240967950820,1.2,0.0,0.0,0.0,0.0,-4.257931548679039e-05
1771787240984442710,1.2,0.0,0.0,0.0,0.0,-3.898951927050476e-05
1771787241001197576,1.2,0.0,0.0,0.0,0.0,-3.6148366617361205e-05
1771787241017941236,1.2,0.0,0.0,0.0,0.0,-3.331380968818465e-05
1771787241034507751,1.2,0.0,0.0,0.0,0.0,-2.908828772918426e-05
1771787241051154613,1.2,0.0,0.0,0.0,0.0,-2.6995962755904657e-05
1771787241067825078,1.2,0.0,0.0,0.0,0.0,-2.4911511173897338e-05
1771787241084647178,1.2,0.0,0.0,0.0,0.0,-2.3580426268932086e-05
1771787241101242303,1.2,0.0,0.0,0.0,0.0,-2.1543589844075228e-05
1771787241118184089,1.2,0.0,0.0,0.0,0.0,-1.8671656706104045e-05
1771787241135047674,1.2,0.0,0.0,0.0,0.0,-1.738182091326479e-05
1771787241151240348,1.2,0.0,0.0,0.0,0.0,-1.6818506054505633e-05
1771787241167984485,1.2,0.0,0.0,0.0,0.0,-1.55678924484981e-05
1771787241184395313,1.2,0.0,0.0,0.0,0.0,-1.26371908764078e-05
1771787241201125860,1.2,0.0,0.0,0.0,0.0,-1.2836830978191216e-05
1771787241218198537,1.2,0.0,0.0,0.0,0.0,-1.2352208853094737e-05
1771787241234992980,1.2,0.0,0.0,0.0,0.0,-9.350174739797268e-06
1771787241251522064,1.2,0.0,0.0,0.0,0.0,-9.603006885683385e-06
1771787241268548250,1.2,0.0,0.0,0.0,0.0,-9.89039022680771e-06
1771787241284812688,1.2,0.0,0.0,0.0,0.0,-6.809948674302291e-06
1771787241301921367,1.2,0.0,0.0,0.0,0.0,-7.122462537090257e-06
1771787241319009780,1.2,0.0,0.0,0.0,0.0,-7.492620402782535e-06
1771787241334631919,1.175906904524212,0.0,0.0,0.0,0.0,-5.4019030995000605e-06
1771787241351204633,1.1533293938490268,0.0,0.0,0.0,0.0,-6.9425506503684176e-06
1771787241367850542,1.131185358211627,0.0,0.0,0.0,0.0,-4.229475576433828e-06
1771787241384826898,1.1094668028590822,0.0,0.0,0.0,0.0,-4.539260367586451e-06
1771787241401230573,1.0881648440348535,0.0,0.0,0.0,0.0,-2.399713974199358e-06
1771787241417978286,1.0672723452152442,0.0,0.0,0.0,0.0,-5.354779988753222e-06
1771787241434508085,1.0467807010264745,0.0,0.0,0.0,0.0,-3.055751899516679e-06
1771787241451053142,1.0266824888685717,0.0,0.0,0.0,0.0,-3.935080865158369e-06
1771787241467779636,1.0069699769842275,0.0,0.0,0.0,0.0,-3.918452919471349e-06
1771787241484391689,0.987636291845405,0.0,0.0,0.0,0.0,-1.509736559768271e-06
1771787241501133680,0.968673724775689,0.0,0.0,0.0,0.0,-3.5415989207976395e-06
1771787241517953395,0.9500751084770392,0.0,0.0,0.0,0.0,-2.9430679067132814e-06
1771787241534483432,0.9318335771150514,0.0,0.0,0.0,0.0,-1.6243019009820614e-06
1771787241551282644,0.9139425586254438,0.0,0.0,0.0,0.0,-3.122624200546653e-06
1771787241567997217,0.8963948857101224,0.0,0.0,0.0,0.0,1.2592933229527148e-07
1771787241584710597,0.8791839939983678,0.0,0.0,0.0,0.0,-1.4837954798174735e-06
1771787241601394414,0.8623035744214861,0.0,0.0,0.0,0.0,-1.0943747641434243e-07
1771787241617955923,0.8457473409915314,0.0,0.0,0.0,0.0,-2.3331241605362152e-07
1771787241634772062,0.8295090000270191,0.0,0.0,0.0,0.0,-2.557133936598177e-06
1771787241651268720,0.813582536229268,0.0,0.0,0.0,0.0,-3.5861987672802798e-06
1771787241668105840,0.7979616482230333,0.0,0.0,0.0,0.0,1.1392276522137479e-06
1771787241684530496,0.7826409159434493,0.0,0.0,0.0,0.0,1.152769643741891e-06
1771787241701645135,0.7676140380153346,0.0,0.0,0.0,0.0,7.410318212386358e-07
1771787241718088150,0.7378492732112498,0.0,0.0,0.0,0.0,-1.8222911513099405e-06
1771787241734676837,0.7236824949115369,0.0,0.0,0.0,0.0,-5.912940030938785e-07
1771787241751376867,0.7097878291545038,0.0,0.0,0.0,0.0,-2.9863156547627057e-06
1771787241767826318,0.6961598251005223,0.0,0.0,0.0,0.0,7.688626801893861e-07
1771787241784657955,0.6827936348376249,0.0,0.0,0.0,0.0,4.0801454481709243e-07
1771787241801176071,0.6696841012963738,0.0,0.0,0.0,0.0,1.9087960678731974e-07
1771787241817941188,0.656826075100979,0.0,0.0,0.0,0.0,-5.061974799325242e-07
1771787241834656000,0.6442149790285553,0.0,0.0,0.0,0.0,-2.2843926736904052e-06
1771787241851176738,0.6318462281624732,0.0,0.0,0.0,0.0,-3.5770424755554586e-07
1771787241867744684,0.6197146808206538,0.0,0.0,0.0,0.0,-7.164202164844369e-07
1771787241884500026,0.6078160458566887,0.0,0.0,0.0,0.0,-4.066587092399487e-06
1771787241901432991,0.596146016736535,0.0,0.0,0.0,0.0,1.0680673798724172e-06
1771787241917963266,0.584700031624828,0.0,0.0,0.0,0.0,1.343082666416251e-06
1771787241934688806,0.5734737993750632,0.0,0.0,0.0,0.0,-3.3784938806569187e-06
1771787241951266527,0.5624630134532611,0.0,0.0,0.0,0.0,-1.7992115464160463e-06
1771787241968079805,0.5516636764831933,0.0,0.0,0.0,0.0,-3.521825204799711e-07
1771787241984822511,0.5410717833947901,0.0,0.0,0.0,0.0,3.557758860850413e-07
1771787242001401662,0.5306833291179746,0.0,0.0,0.0,0.0,-3.2931706028804797e-07
1771787242017914772,0.5204943085827637,0.0,0.0,0.0,0.0,-3.1109068694412656e-06
1771787242034942150,0.5105007090252843,0.0,0.0,0.0,0.0,-1.3044362190406389e-06
1771787242051341056,0.5006990975285188,0.0,0.0,0.0,0.0,3.337052531637852e-06
1771787242068124532,0.49108577048608903,0.0,0.0,0.0,0.0,-3.57114663440683e-06
1771787242084734201,0.48165669974687525,0.0,0.0,0.0,0.0,1.861500806832339e-07
1771787242101384878,0.4722279150842242,0.0,0.0,0.0,0.0,3.39854829611852e-06
1771787242117892503,0.45391342653831035,0.0,0.0,0.0,0.0,8.426412714257481e-07
1771787242134357213,0.4451982472897477,0.0,0.0,0.0,0.0,2.4763222725709966e-06
1771787242150979042,0.43665045352867293,0.0,0.0,0.0,0.0,2.933459544607331e-06
1771787242167939901,0.4282666123378514,0.0,0.0,0.0,0.0,2.9688726943533084e-06
1771787242184508323,0.42004414902938214,0.0,0.0,0.0,0.0,1.304656340295196e-06
1771787242201090812,0.4119790585333376,0.0,0.0,0.0,0.0,-2.9433628188080263e-06
1771787242217974901,0.4040690445444669,0.0,0.0,0.0,0.0,-1.8860946338072893e-06
1771787242234592914,0.39631096791584614,0.0,0.0,0.0,0.0,-4.509892636672674e-06
1771787242251132249,0.3887019601892277,0.0,0.0,0.0,0.0,-2.078962893836689e-06
1771787242268008232,0.3812388745240887,0.0,0.0,0.0,0.0,3.5680665022574942e-06
1771787242284512281,0.3739191439261086,0.0,0.0,0.0,0.0,3.638873004252474e-06
1771787242301315307,0.36673990763098213,0.0,0.0,0.0,0.0,-3.545142365002363e-06
1771787242318096160,0.35969828948701377,0.0,0.0,0.0,0.0,2.2237493366716876e-06
1771787242334792613,0.35279201627014733,0.0,0.0,0.0,0.0,-1.2161330742443965e-06
1771787242351407527,0.3460185055988388,0.0,0.0,0.0,0.0,-2.860801090687204e-06
1771787242368193387,0.33937489670873405,0.0,0.0,0.0,0.0,-3.3237904881744385e-06
1771787242384471178,0.33285890098838344,0.0,0.0,0.0,0.0,-4.561069298247844e-06
1771787242401233196,0.3264682221325443,0.0,0.0,0.0,0.0,4.805471251589921e-06
1771787242417906284,0.32020001476432985,0.0,0.0,0.0,0.0,1.0490224755521638e-06
1771787242434475421,0.31405198257876393,0.0,0.0,0.0,0.0,-4.038215151602742e-06
1771787242451390504,0.3080224014232732,0.0,0.0,0.0,0.0,1.2255971171271085e-07
1771787242468387126,0.30210813215102067,0.0,0.0,0.0,0.0,4.041912671226555e-07
1771787242484816789,0.2961941489552007,0.0,0.0,0.0,0.0,7.749954997748887e-07
1771787242501428842,0.29039376118400784,0.0,0.0,0.0,0.0,-2.749625158227076e-06
1771787242518238306,0.2791311818399093,0.0,0.0,0.0,0.0,1.42296450622581e-06
1771787242534661293,0.27377200086370534,0.0,0.0,0.0,0.0,2.306344607294619e-06
1771787242551478624,0.26851554440774433,0.0,0.0,0.0,0.0,-4.986598795220232e-06
1771787242568044185,0.2633600806259008,0.0,0.0,0.0,0.0,6.795017564620309e-06
1771787242584733009,0.25830363006421986,0.0,0.0,0.0,0.0,-4.662289445178658e-06
1771787242601391315,0.25334416710663804,0.0,0.0,0.0,0.0,2.222477359481445e-06
1771787242617969751,0.24847999068208046,0.0,0.0,0.0,0.0,-2.5948096551431377e-06
1771787242634572982,0.24370909056174958,0.0,0.0,0.0,0.0,-3.4403104365310355e-06
1771787242651287794,0.23902975028698367,0.0,0.0,0.0,0.0,-2.88519097546569e-06
1771787242668111324,0.23444053947565185,0.0,0.0,0.0,0.0,1.3484054273149582e-07
1771787242684621810,0.22993916951636695,0.0,0.0,0.0,0.0,3.4883165422883167e-06
1771787242701291084,0.22552449610345124,0.0,0.0,0.0,0.0,6.824769240409978e-06
1771787242717838525,0.22119423831893473,0.0,0.0,0.0,0.0,-5.4580946775573125e-06
1771787242734537363,0.216947236469751,0.0,0.0,0.0,0.0,-1.6297951188626314e-06
1771787242751139163,0.21278206786755813,0.0,0.0,0.0,0.0,3.6354617449774196e-07
1771787242767817497,0.2086964439008588,0.0,0.0,0.0,0.0,2.8303146359931475e-07
1771787242784520626,0.20468950634036673,0.0,0.0,0.0,0.0,-2.3337243404419894e-06
1771787242801323413,0.20075953103388472,0.0,0.0,0.0,0.0,8.774256715859963e-06
1771787242817910671,0.19690510298621552,0.0,0.0,0.0,0.0,-1.7541303529711172e-06
1771787242834776401,0.19312449035184456,0.0,0.0,0.0,0.0,1.1044583181352152e-06
1771787242851505041,0.18941627044216072,0.0,0.0,0.0,0.0,-1.342630482792373e-06
1771787242868055582,0.18577957733434158,0.0,0.0,0.0,0.0,8.695436714667437e-06
1771787242884658336,0.18221270995674618,0.0,0.0,0.0,0.0,-7.2009247671367405e-06
1771787242901611089,0.17864554880901723,0.0,0.0,0.0,0.0,-4.616379613242572e-06
1771787242918137550,0.17171724001318728,0.0,0.0,0.0,0.0,6.402669061600363e-07
1771787242934820890,0.16842018887337487,0.0,0.0,0.0,0.0,-9.020659279546095e-06
1771787242951323032,0.16518665439494493,0.0,0.0,0.0,0.0,-8.107334006801636e-06
1771787242968044996,0.16201492011934257,0.0,0.0,0.0,0.0,2.4002942113909853e-06
1771787242984545707,0.1589044215877544,0.0,0.0,0.0,0.0,4.559601802789359e-07
1771787243001218557,0.15585343464777388,0.0,0.0,0.0,0.0,7.2123345762342694e-06
1771787243018107414,0.15286082268717335,0.0,0.0,0.0,0.0,-5.943664347363153e-07
1771787243034699678,0.14992600585958463,0.0,0.0,0.0,0.0,2.3484330879952608e-07
1771787243051371097,0.14704755378291479,0.0,0.0,0.0,0.0,8.6732403552503e-06
1771787243068098306,0.1442240437683234,0.0,0.0,0.0,0.0,-8.665985902212014e-07
1771787243084562778,0.14145489596963176,0.0,0.0,0.0,0.0,-1.8476542282819253e-06
1771787243101418018,0.138738966080976,0.0,0.0,0.0,0.0,2.5896134103753354e-06
1771787243118140697,0.13607540356703285,0.0,0.0,0.0,0.0,-1.2929570210484798e-05
1771787243134586811,0.13346276265742985,0.0,0.0,0.0,0.0,3.8998505145215745e-06
1771787243151183128,0.13090020051107654,0.0,0.0,0.0,0.0,-1.687488440982321e-06
1771787243167970895,0.12838685120474017,0.0,0.0,0.0,0.0,-3.311850625742352e-06
1771787243184565544,0.12592185650905804,0.0,0.0,0.0,0.0,-1.283936491791593e-06
1771787243201266527,0.123504072118375,0.0,0.0,0.0,0.0,4.580304959311832e-06
1771787243218007802,0.12113292587998008,0.0,0.0,0.0,0.0,1.1934940114866066e-05
1771787243234734058,0.1188069951049243,0.0,0.0,0.0,0.0,-8.205405551020561e-06
1771787243251450777,0.1165259783297263,0.0,0.0,0.0,0.0,4.161298632343602e-06
1771787243268086671,0.11428874663632292,0.0,0.0,0.0,0.0,-1.2903640659978066e-05
1771787243284689903,0.11209442640719912,0.0,0.0,0.0,0.0,1.6784083110010783e-06
1771787243302185297,0.10994216710781352,0.0,0.0,0.0,0.0,1.4270793024628858e-05
1771787243318325519,0.10567914497834519,0.0,0.0,0.0,0.0,7.766349721993748e-06
1771787243334734439,0.10364992931939354,0.0,0.0,0.0,0.0,-1.5399820725292557e-05
1771787243351263761,0.10165990613120562,0.0,0.0,0.0,0.0,-6.197627360648994e-06
1771787243367902517,0.09970793880234181,0.0,0.0,0.0,0.0,-1.042977137988288e-06
1771787243384471893,0.09779374125624082,0.0,0.0,0.0,0.0,-3.7661091178975425e-07
1771787243401506185,0.0959161691871676,0.0,0.0,0.0,0.0,-4.672559212881566e-06
1771787243418228387,0.0940743643660321,0.0,0.0,0.0,0.0,-1.4243851087947235e-05
1771787243434704303,0.09226831909830747,0.0,0.0,0.0,0.0,7.76853712558534e-06
1771787243451585054,0.0904966106968277,0.0,0.0,0.0,0.0,2.1118742382864042e-05
1771787243467963218,0.08875924685391058,0.0,0.0,0.0,0.0,-1.2561252210385732e-05
1771787243484695196,0.08705506787741056,0.0,0.0,0.0,0.0,-1.3151451318638152e-05
1771787243501541376,0.08538350161406079,0.0,0.0,0.0,0.0,1.6285598038123794e-05
1771787243518079996,0.0837442773747676,0.0,0.0,0.0,0.0,-6.1343668145141805e-06
1771787243534910202,0.08213623546668027,0.0,0.0,0.0,0.0,3.3943367823141557e-06
1771787243551338911,0.08055909750698977,0.0,0.0,0.0,0.0,8.851191299896755e-07
1771787243568077087,0.0790125774194802,0.0,0.0,0.0,0.0,-1.4629268597854406e-05
1771787243584609270,0.0774955232039365,0.0,0.0,0.0,0.0,2.1002366539235595e-06
1771787243601276397,0.07600765647841361,0.0,0.0,0.0,0.0,3.8128543042859064e-06
1771787243618120431,0.07454811901349666,0.0,0.0,0.0,0.0,-9.805364729498223e-06
1771787243634667873,0.07311690311506862,0.0,0.0,0.0,0.0,8.00964637015511e-06
1771787243651468753,0.07171315824793818,0.0,0.0,0.0,0.0,8.095975625899143e-06
1771787243668076753,0.0703360261827662,0.0,0.0,0.0,0.0,-1.0077208235870216e-05
1771787243684677600,0.06895917250049424,0.0,0.0,0.0,0.0,2.1169032533574494e-05
1771787243701421022,0.06760893931337565,0.0,0.0,0.0,0.0,-1.4675808549746705e-05
1771787243718240499,0.06628473908193436,0.0,0.0,0.0,0.0,-2.316318856987465e-05
1771787243734599351,0.06371415910139226,0.0,0.0,0.0,0.0,1.1636870352660367e-05
1771787243751244306,0.06249067316154524,0.0,0.0,0.0,0.0,2.485065944224374e-05
1771787243768141984,0.061290939258556915,0.0,0.0,0.0,0.0,1.1706786545495618e-05
1771787243784534931,0.060114099164519555,0.0,0.0,0.0,0.0,-2.6092841050484594e-05
1771787243801548242,0.0,0.0,0.0,0.0,0.0,0.0
1771787243813315868,0.0,0.0,0.0,0.0,0.0,2.0
1771787243830250740,0.0,0.0,0.0,0.0,0.0,2.0
1771787243846596956,0.0,0.0,0.0,0.0,0.0,2.0
1771787243863461494,0.0,0.0,0.0,0.0,0.0,2.0
1771787243880016565,0.0,0.0,0.0,0.0,0.0,2.0
1771787243897116899,0.0,0.0,0.0,0.0,0.0,2.0
1771787243913864135,0.0,0.0,0.0,0.0,0.0,2.0
1771787243930170536,0.0,0.0,0.0,0.0,0.0,2.0
1771787243946849346,0.0,0.0,0.0,0.0,0.0,2.0
1771787243963418483,0.0,0.0,0.0,0.0,0.0,2.0
1771787243980189323,0.0,0.0,0.0,0.0,0.0,2.0
1771787243996895551,0.0,0.0,0.0,0.0,0.0,2.0
1771787244013625860,0.0,0.0,0.0,0.0,0.0,2.0
1771787244030207395,0.0,0.0,0.0,0.0,0.0,2.0
1771787244046785831,0.0,0.0,0.0,0.0,0.0,2.0
1771787244063460111,0.0,0.0,0.0,0.0,0.0,2.0
1771787244080106735,0.0,0.0,0.0,0.0,0.0,2.0
1771787244096689701,0.0,0.0,0.0,0.0,0.0,2.0
1771787244113635063,0.0,0.0,0.0,0.0,0.0,2.0
1771787244130118131,0.0,0.0,0.0,0.0,0.0,2.0
1771787244146737337,0.0,0.0,0.0,0.0,0.0,2.0
1771787244163480758,0.0,0.0,0.0,0.0,0.0,2.0
1771787244180258989,0.0,0.0,0.0,0.0,0.0,2.0
1771787244196871757,0.0,0.0,0.0,0.0,0.0,2.0
1771787244213618278,0.0,0.0,0.0,0.0,0.0,2.0
1771787244230192899,0.0,0.0,0.0,0.0,0.0,2.0
1771787244246768951,0.0,0.0,0.0,0.0,0.0,2.0
1771787244263425827,0.0,0.0,0.0,0.0,0.0,2.0
1771787244280150413,0.0,0.0,0.0,0.0,0.0,2.0
1771787244297002077,0.0,0.0,0.0,0.0,0.0,2.0
1771787244313443422,0.0,0.0,0.0,0.0,0.0,2.0
1771787244330007076,0.0,0.0,0.0,0.0,0.0,2.0
1771787244346852540,0.0,0.0,0.0,0.0,0.0,2.0
1771787244363526582,0.0,0.0,0.0,0.0,0.0,2.0
1771787244380105733,0.0,0.0,0.0,0.0,0.0,2.0
1771787244396940469,0.0,0.0,0.0,0.0,0.0,2.0
1771787244413529157,0.0,0.0,0.0,0.0,0.0,2.0
1771787244430469989,0.0,0.0,0.0,0.0,0.0,2.0
1771787244446951866,0.0,0.0,0.0,0.0,0.0,1.8536737126779086
1771787244463739633,0.0,0.0,0.0,0.0,0.0,1.6757211250733859
1771787244480262041,0.0,0.0,0.0,0.0,0.0,1.5148518843125827
1771787244497120618,1.2,0.0,0.0,0.0,0.0,1.3694260878037938
1771787244513504505,1.2,0.0,0.0,0.0,0.0,1.2512105809624472
1771787244530248403,1.2,0.0,0.0,0.0,0.0,1.143344029803409
1771787244546715497,1.2,0.0,0.0,0.0,0.0,1.0449095221402986
1771787244563400983,1.2,0.0,0.0,0.0,0.0,0.9550718476805982
1771787244580474138,1.2,0.0,0.0,0.0,0.0,0.8730710385364994
1771787244596745967,1.2,0.0,0.0,0.0,0.0,0.7902545805458094
1771787244613712072,1.2,0.0,0.0,0.0,0.0,0.7145558668524716
1771787244630131244,1.2,0.0,0.0,0.0,0.0,0.5843152584732932
1771787244646713495,1.2,0.0,0.0,0.0,0.0,0.5345122666911651
1771787244663481950,1.2,0.0,0.0,0.0,0.0,0.48902423558416896
1771787244680052280,1.2,0.0,0.0,0.0,0.0,0.4474728597138707
1771787244696537017,1.2,0.0,0.0,0.0,0.0,0.40951430024252167
1771787244713430643,1.2,0.0,0.0,0.0,0.0,0.3748326998994069
1771787244730150222,1.2,0.0,0.0,0.0,0.0,0.3431431999781591
1771787244746859550,1.2,0.0,0.0,0.0,0.0,0.31418295277532327
1771787244763351917,1.2,0.0,0.0,0.0,0.0,0.28771460737484406
1771787244780142307,1.2,0.0,0.0,0.0,0.0,0.2635210707769203
1771787244796806573,1.2,0.0,0.0,0.0,0.0,0.2414041262794386
1771787244813477277,1.2,0.0,0.0,0.0,0.0,0.2211827523600581
1771787244830237865,1.2,0.0,0.0,0.0,0.0,0.2026922248550136
1771787244846763372,1.2,0.0,0.0,0.0,0.0,0.18578246540734214
1771787244863516092,1.2,0.0,0.0,0.0,0.0,0.17031668768814975
1771787244879971265,1.2,0.0,0.0,0.0,0.0,0.15616985654739504
1771787244897136449,1.2,0.0,0.0,0.0,0.0,0.14322657429321448
1771787244913565874,1.2,0.0,0.0,0.0,0.0,0.13138422111856338
1771787244930086135,1.2,0.0,0.0,0.0,0.0,0.12054748010013422
1771787244946793556,1.2,0.0,0.0,0.0,0.0,0.11062853494621427
1771787244963567256,1.2,0.0,0.0,0.0,0.0,0.10154971333571629
1771787244980359077,1.2,0.0,0.0,0.0,0.0,0.09323789710720738
1771787244997255563,1.2,0.0,0.0,0.0,0.0,0.08562752842711235
1771787245013494968,1.2,0.0,0.0,0.0,0.0,0.07084114053879073
1771787245030006647,1.2,0.0,0.0,0.0,0.0,0.0651095537418057
1771787245046747684,1.2,0.0,0.0,0.0,0.0,0.05985822520768232
1771787245063414096,1.2,0.0,0.0,0.0,0.0,0.05504706526227564
1771787245080265998,1.2,0.0,0.0,0.0,0.0,0.05063766144264026
1771787245096937417,1.2,0.0,0.0,0.0,0.0,0.046595543271632414
1771787245113458156,1.2,0.0,0.0,0.0,0.0,0.04288985991445795
1771787245130038738,1.2,0.0,0.0,0.0,0.0,0.03949235470779404
1771787245146780967,1.2,0.0,0.0,0.0,0.0,0.036376379506386225
1771787245163403272,1.195266835803972,0.0,0.0,0.0,0.0,0.03351807095781814
1771787245180220842,1.1723180852575874,0.0,0.0,0.0,0.0,0.030893512204781447
1771787245196967601,1.1498099315784729,0.0,0.0,0.0,0.0,0.028474466497171953
1771787245213413953,1.1277337899237012,0.0,0.0,0.0,0.0,0.026244683584608675
1771787245230330228,1.1060816482655746,0.0,0.0,0.0,0.0,0.02418986043461838
1771787245246882915,1.0848449224123167,0.0,0.0,0.0,0.0,0.02229511818438259
1771787245263641834,1.0640156012817739,0.0,0.0,0.0,0.0,0.020549680543671626
1771787245280293703,1.0435868177074474,0.0,0.0,0.0,0.0,0.01894013753175999
1771787245296975612,1.0235499887203687,0.0,0.0,0.0,0.0,0.01745706281546242
1771787245313395023,1.003898247856195,0.0,0.0,0.0,0.0,0.01609057380186132
1771787245330250740,0.9846230118269681,0.0,0.0,0.0,0.0,0.014830264273850082
1771787245346976757,0.9657185591434885,0.0,0.0,0.0,0.0,0.013669495617222145
1771787245363722085,0.947176878809214,0.0,0.0,0.0,0.0,0.012599010806074834
1771787245380591869,0.9289911047697792,0.0,0.0,0.0,0.0,0.01161235812894217
1771787245397765159,0.9108053262796474,0.0,0.0,0.0,0.0,0.010611045632708684
1771787245413905858,0.8929685873588014,0.0,0.0,0.0,0.0,0.009685032604307486
1771787245430067300,0.8583359370409219,0.0,0.0,0.0,0.0,0.008068256290823785
1771787245446815490,0.8418558831214189,0.0,0.0,0.0,0.0,0.007436511474940205
1771787245463482379,0.8256922553494477,0.0,0.0,0.0,0.0,0.006854617883253099
1771787245480475187,0.809839331562068,0.0,0.0,0.0,0.0,0.006317063735264477
1771787245496790170,0.7942902462202281,0.0,0.0,0.0,0.0,0.00582317612332593
1771787245513740539,0.7790398491546494,0.0,0.0,0.0,0.0,0.005367125808265685
1771787245530739784,0.7640824187691049,0.0,0.0,0.0,0.0,0.004946914165134878
1771787245547612190,0.7494122329658374,0.0,0.0,0.0,0.0,0.004558598166967495
1771787245563700437,0.7350235704446197,0.0,0.0,0.0,0.0,0.004202098269649729
1771787245580518484,0.7209107088670691,0.0,0.0,0.0,0.0,0.0038728358556414624
1771787245597064495,0.7070696433044676,0.0,0.0,0.0,0.0,0.0035701827455549948
1771787245613364696,0.6934935070178538,0.0,0.0,0.0,0.0,0.0032900773296388568
1771787245630253791,0.6801782950943668,0.0,0.0,0.0,0.0,0.003032482764117734
1771787245646862268,0.6671194298866653,0.0,0.0,0.0,0.0,0.002794986303997199
1771787245663789272,0.6543106174112178,0.0,0.0,0.0,0.0,0.0025767396295759415
1771787245680379867,0.6417478519562826,0.0,0.0,0.0,0.0,0.0023743577777223046
1771787245696939945,0.629425984225416,0.0,0.0,0.0,0.0,0.0021887830818782994
1771787245713615179,0.6173410085099285,0.0,0.0,0.0,0.0,0.0020168795348743974
1771787245730272769,0.6054883477254988,0.0,0.0,0.0,0.0,0.0018599645662794391
1771787245746898174,0.5938628514807734,0.0,0.0,0.0,0.0,0.0017136766996820913
1771787245763683795,0.5824605148996042,0.0,0.0,0.0,0.0,0.001579718750475355
1771787245780433654,0.5712773322748362,0.0,0.0,0.0,0.0,0.001455348729321008
1771787245797136306,0.5603087265327449,0.0,0.0,0.0,0.0,0.0013425776074425244
1771787245813730001,0.5493401199613991,0.0,0.0,0.0,0.0,0.0012261958157251812
1771787245830461263,0.5280351928193545,0.0,0.0,0.0,0.0,0.0010215329611307535
1771787245846727609,0.5178968554940848,0.0,0.0,0.0,0.0,0.0009422837741491635
1771787245863539934,0.5079530676383692,0.0,0.0,0.0,0.0,0.0008685497589656557
1771787245880407333,0.4982003960295863,0.0,0.0,0.0,0.0,0.0007997396365972045
1771787245896738290,0.48863483552469117,0.0,0.0,0.0,0.0,0.0007370867378238425
1771787245913498878,0.47925352510590746,0.0,0.0,0.0,0.0,0.0006800290802194331
1771787245930581331,0.47005188686167954,0.0,0.0,0.0,0.0,0.0006262766573440683
1771787245947006940,0.4610264878537503,0.0,0.0,0.0,0.0,0.0005773198583436008
1771787245963464975,0.4521750392680097,0.0,0.0,0.0,0.0,0.0005327237563025689
1771787245980091810,0.4434929631923743,0.0,0.0,0.0,0.0,0.0004902238936239445
1771787245997149944,0.43497797109654335,0.0,0.0,0.0,0.0,0.0004515141440336358
1771787246013525009,0.42662662975962706,0.0,0.0,0.0,0.0,0.00041630016708976095
1771787246030333518,0.4184355059607732,0.0,0.0,0.0,0.0,0.00038432050749369513
1771787246046855688,0.4104011661942759,0.0,0.0,0.0,0.0,0.00035325554759658203
1771787246063800811,0.40252189413427847,0.0,0.0,0.0,0.0,0.00032506540089026394
1771787246080254554,0.3947931121531119,0.0,0.0,0.0,0.0,0.00029959963870552966
1771787246097095251,0.38721310364040185,0.0,0.0,0.0,0.0,0.00027664304225378123
1771787246113518953,0.3797784353754337,0.0,0.0,0.0,0.0,0.00025606062929938757
1771787246130531549,0.37248681825887964,0.0,0.0,0.0,0.0,0.00023539724380388944
1771787246146970510,0.36533539155880607,0.0,0.0,0.0,0.0,0.00021697665667331362
1771787246163508176,0.3583207220545455,0.0,0.0,0.0,0.0,0.00020070702734775823
1771787246180154323,0.35144109284998615,0.0,0.0,0.0,0.0,0.00018401836708461117
1771787246196685552,0.34469307101010815,0.0,0.0,0.0,0.0,0.00016943612543588327
1771787246213660478,0.33807493992461235,0.0,0.0,0.0,0.0,0.0001568480970921375
1771787246230029821,0.32496627940845724,0.0,0.0,0.0,0.0,0.00013125736083763068
1771787246246640205,0.318726948148548,0.0,0.0,0.0,0.0,0.00011926328881668464
1771787246263243436,0.3126072082671116,0.0,0.0,0.0,0.0,0.00011209064163106644
1771787246280021905,0.3066053422953608,0.0,0.0,0.0,0.0,0.00010116089620795191
1771787246296847343,0.30071849007463436,0.0,0.0,0.0,0.0,9.524518287138892e-05
1771787246313344955,0.294944361932437,0.0,0.0,0.0,0.0,8.545897409918506e-05
1771787246330073595,0.2892818143206975,0.0,0.0,0.0,0.0,8.085734710862325e-05
1771787246346919059,0.2837274134461906,0.0,0.0,0.0,0.0,7.528527679163434e-05
1771787246363456964,0.278280014901953,0.0,0.0,0.0,0.0,6.880154608775776e-05
1771787246380154848,0.2729367576707437,0.0,0.0,0.0,0.0,6.152971369375714e-05
1771787246397000074,0.2676964976320938,0.0,0.0,0.0,0.0,5.671918641967852e-05
1771787246413371801,0.2625563737688373,0.0,0.0,0.0,0.0,5.437195417850888e-05
1771787246430369138,0.257515813304565,0.0,0.0,0.0,0.0,4.772453026309718e-05
1771787246446873903,0.2525713835915825,0.0,0.0,0.0,0.0,4.3883847777481666e-05
1771787246463480472,0.24772194022304214,0.0,0.0,0.0,0.0,4.2761911572055354e-05
1771787246480381250,0.24296576601554426,0.0,0.0,0.0,0.0,3.7255773820666326e-05
1771787246496764659,0.23830057272839794,0.0,0.0,0.0,0.0,3.48389423265108e-05
1771787246513550519,0.23372521566817434,0.0,0.0,0.0,0.0,3.175237607128383e-05
1771787246530191421,0.22923797851113853,0.0,0.0,0.0,0.0,3.1840213302803365e-05
1771787246546911716,0.2248365718703096,0.0,0.0,0.0,0.0,2.7454079104768415e-05
1771787246563538074,0.22051927970859594,0.0,0.0,0.0,0.0,2.6634943296868774e-05
1771787246580143928,0.2162855295359397,0.0,0.0,0.0,0.0,2.529167692604667e-05
1771787246596797943,0.21205177907663056,0.0,0.0,0.0,0.0,1.9949235100196264e-05
1771787246613929271,0.20789870987580242,0.0,0.0,0.0,0.0,1.8214623547246726e-05
1771787246630199670,0.19983575908322737,0.0,0.0,0.0,0.0,1.8571842958248555e-05
1771787246646855354,0.19599911953188734,0.0,0.0,0.0,0.0,1.572559408809151e-05
1771787246663376092,0.1922357223076572,0.0,0.0,0.0,0.0,1.2992971595712603e-05
1771787246679968595,0.18854499549379236,0.0,0.0,0.0,0.0,1.494485590014527e-05
1771787246696658372,0.18492464970311104,0.0,0.0,0.0,0.0,1.2258600110077317e-05
1771787246713492155,0.18137411301889675,0.0,0.0,0.0,0.0,9.884925565438463e-06
1771787246730198860,0.1778916688308252,0.0,0.0,0.0,0.0,7.913773948671661e-06
1771787246747194290,0.1744761730187171,0.0,0.0,0.0,0.0,1.13158791966066e-05
1771787246763471126,0.17112648060226684,0.0,0.0,0.0,0.0,9.930571059133149e-06
1771787246780138254,0.16784087525787525,0.0,0.0,0.0,0.0,9.188908978703322e-06
1771787246796863794,0.16461821257866385,0.0,0.0,0.0,0.0,9.140514832255316e-06
1771787246813334226,0.16145734787100394,0.0,0.0,0.0,0.0,4.526762894933346e-06
1771787246830141544,0.15835770950492917,0.0,0.0,0.0,0.0,6.399071874265902e-06
1771787246847208023,0.1553170080932232,0.0,0.0,0.0,0.0,3.6185282385262085e-06
1771787246863633632,0.15233524420935052,0.0,0.0,0.0,0.0,7.636883362485691e-06
1771787246880345821,0.14941012846606302,0.0,0.0,0.0,0.0,6.879976899114987e-06
1771787246896838426,0.1465416608633646,0.0,0.0,0.0,0.0,1.5446595986222736e-06
1771787246913438558,0.14372812536441198,0.0,0.0,0.0,0.0,3.884995640120702e-06
1771787246930183410,0.14096837698886447,0.0,0.0,0.0,0.0,1.5098013726655077e-06
1771787246947056293,0.13826184382000567,0.0,0.0,0.0,0.0,8.626975092108913e-07
1771787246963596105,0.1356073814509457,0.0,0.0,0.0,0.0,1.9707527765195146e-06
1771787246980170488,0.1330032732713885,0.0,0.0,0.0,0.0,4.918709174966604e-06
1771787246996948242,0.13039973700851884,0.0,0.0,0.0,0.0,1.358487713393891e-06
1771787247014095544,0.1278459827317137,0.0,0.0,0.0,0.0,-5.903546714553648e-07
1771787247030061483,0.12288782013621571,0.0,0.0,0.0,0.0,2.5423101778620366e-06
1771787247046790122,0.12052861588933228,0.0,0.0,0.0,0.0,2.718062350133381e-06
1771787247063477277,0.1182140437975593,0.0,0.0,0.0,0.0,5.614586439999132e-06
1771787247080104351,0.1159446757775301,0.0,0.0,0.0,0.0,3.6659537122072164e-06
1771787247096740245,0.11371822330229792,0.0,0.0,0.0,0.0,4.856739464119408e-06
1771787247113404273,0.11153525828848766,0.0,0.0,0.0,0.0,1.3030941857462494e-06
1771787247130093336,0.10939349220914747,0.0,0.0,0.0,0.0,1.2858738858909091e-06
1771787247146771430,0.10729292477752385,0.0,0.0,0.0,0.0,-3.3456651345525543e-06
1771787247163290739,0.1052329843636344,0.0,0.0,0.0,0.0,3.960890090214976e-06
1771787247180276632,0.10321252570036803,0.0,0.0,0.0,0.0,-2.0756310585004142e-06
1771787247196729183,0.10123097744456223,0.0,0.0,0.0,0.0,4.579384935952252e-06
1771787247213549613,0.09928719432903114,0.0,0.0,0.0,0.0,-2.371170592473451e-06
1771787247230080604,0.0973811772140835,0.0,0.0,0.0,0.0,4.053056548844122e-06
1771787247246743440,0.0955112086291048,0.0,0.0,0.0,0.0,-3.422497359410921e-06
1771787247263446807,0.09367728943436428,0.0,0.0,0.0,0.0,3.2389279497899506e-06
1771787247280426740,0.09187884685294097,0.0,0.0,0.0,0.0,4.864300107727988e-06
1771787247296807765,0.09011473647788848,0.0,0.0,0.0,0.0,1.8271258481819541e-06
1771787247313568353,0.08838438639260646,0.0,0.0,0.0,0.0,4.09502082562678e-06
1771787247330384492,0.08668779631025729,0.0,0.0,0.0,0.0,1.5571962162985384e-06
1771787247347132444,0.08502324962059261,0.0,0.0,0.0,0.0,-5.356162309399191e-06
1771787247363435029,0.08339074689707905,0.0,0.0,0.0,0.0,4.0918026261672555e-06
1771787247380070447,0.08178971507599456,0.0,0.0,0.0,0.0,-2.1374425435947975e-06
1771787247396802663,0.08021958252745977,0.0,0.0,0.0,0.0,-1.9337224324575755e-06
1771787247413558721,0.07864887777548454,0.0,0.0,0.0,0.0,-1.641119080932757e-06
1771787247430341720,0.07559844890529802,0.0,0.0,0.0,0.0,-4.232114570407695e-06
1771787247446833610,0.07414733524581914,0.0,0.0,0.0,0.0,-3.4254569428356085e-08
1771787247463344812,0.07272368735148771,0.0,0.0,0.0,0.0,-6.325878716632177e-07
1771787247480046749,0.07132750550907484,0.0,0.0,0.0,0.0,6.206268329961469e-06
1771787247497052907,0.06995764473810114,0.0,0.0,0.0,0.0,-4.141322172274142e-06
1771787247513484477,0.068614677815615,0.0,0.0,0.0,0.0,-6.083384399360042e-06
1771787247530210256,0.06729746033463539,0.0,0.0,0.0,0.0,2.2221102278542626e-07
1771787247546775102,0.06600484760162127,0.0,0.0,0.0,0.0,1.6658282868693003e-06
1771787247563536405,0.06473798402341904,0.0,0.0,0.0,0.0,-1.7565920245278185e-06
1771787247580029726,0.06349458107302293,0.0,0.0,0.0,0.0,4.096359458927341e-06
1771787247596807479,0.06227578287055741,0.0,0.0,0.0,0.0,4.857737408502788e-06
1771787247613576412,0.061079872805675256,0.0,0.0,0.0,0.0,1.0834515612491435e-06
1771787247630545616,0.0,0.0,0.0,0.0,0.0,0.0
1771787247638062238,0.0,0.0,0.0,0.0,0.0,0.0
